grao,tipo_linha,produto,regiao_uf,observacoes,periodo_min,periodo_max,ausentes,treinavel
produto,AGREGADO_PRODUTO,BRASIL (2),BRASIL,2,2024,2025,0,False
produto,AGREGADO_PRODUTO,SUBTOTAL,BRASIL,2,2024,2025,0,False
produto,PRODUTO,ALGODÃO - CAROÇO (1),BRASIL,2,2024,2025,0,False
produto,PRODUTO,ALGODÃO - PLUMA,BRASIL,2,2024,2025,0,False
produto,PRODUTO,AMENDOIM 1ª SAFRA,BRASIL,2,2024,2025,0,False
produto,PRODUTO,AMENDOIM 2ª SAFRA,BRASIL,2,2024,2025,0,False
produto,PRODUTO,AMENDOIM TOTAL,BRASIL,2,2024,2025,0,False
produto,PRODUTO,ARROZ,BRASIL,2,2024,2025,0,False
produto,PRODUTO,ARROZ IRRIGADO,BRASIL,2,2024,2025,0,False
produto,PRODUTO,ARROZ SEQUEIRO,BRASIL,2,2024,2025,0,False
produto,PRODUTO,AVEIA,BRASIL,2,2024,2025,0,False
produto,PRODUTO,CANOLA,BRASIL,2,2024,2025,0,False
produto,PRODUTO,CAUPI,BRASIL,2,2024,2025,0,False
produto,PRODUTO,CENTEIO,BRASIL,2,2024,2025,0,False
produto,PRODUTO,CEVADA,BRASIL,2,2024,2025,0,False
produto,PRODUTO,CORES,BRASIL,2,2024,2025,0,False
produto,PRODUTO,FEIJÃO 1ª SAFRA,BRASIL,2,2024,2025,0,False
produto,PRODUTO,FEIJÃO 2ª SAFRA,BRASIL,2,2024,2025,0,False
produto,PRODUTO,FEIJÃO 3ª SAFRA,BRASIL,2,2024,2025,0,False
produto,PRODUTO,FEIJÃO TOTAL,BRASIL,2,2024,2025,0,False
produto,PRODUTO,GERGELIM,BRASIL,2,2024,2025,0,False
produto,PRODUTO,GIRASSOL,BRASIL,2,2024,2025,0,False
produto,PRODUTO,MAMONA,BRASIL,2,2024,2025,0,False
produto,PRODUTO,MILHO 1ª SAFRA,BRASIL,2,2024,2025,0,False
produto,PRODUTO,MILHO 2ª SAFRA,BRASIL,2,2024,2025,0,False
produto,PRODUTO,MILHO 3ª SAFRA,BRASIL,2,2024,2025,0,False
produto,PRODUTO,MILHO TOTAL,BRASIL,2,2024,2025,0,False
produto,PRODUTO,PRETO,BRASIL,2,2024,2025,0,False
produto,PRODUTO,SOJA,BRASIL,2,2024,2025,0,False
produto,PRODUTO,SORGO,BRASIL,2,2024,2025,0,False
produto,PRODUTO,TRIGO,BRASIL,2,2024,2025,0,False
produto,PRODUTO,TRITICALE,BRASIL,2,2024,2025,0,False
produto_uf,AGREGADO_REGIONAL,ALGODÃO - CAROÇO (1),CENTRO-SUL,2,2024,2025,0,False
produto_uf,AGREGADO_REGIONAL,ALGODÃO - CAROÇO (1),NORTE/NORDESTE,2,2024,2025,0,False
produto_uf,AGREGADO_REGIONAL,ALGODÃO - PLUMA,CENTRO-SUL,2,2024,2025,0,False
produto_uf,AGREGADO_REGIONAL,ALGODÃO - PLUMA,NORTE/NORDESTE,2,2024,2025,0,False
produto_uf,AGREGADO_REGIONAL,AMENDOIM TOTAL,CENTRO-SUL,2,2024,2025,0,False
produto_uf,AGREGADO_REGIONAL,AMENDOIM TOTAL,NORTE/NORDESTE,2,2024,2025,0,False
produto_uf,AGREGADO_REGIONAL,ARROZ,CENTRO-SUL,2,2024,2025,0,False
produto_uf,AGREGADO_REGIONAL,ARROZ,NORTE/NORDESTE,2,2024,2025,0,False
produto_uf,AGREGADO_REGIONAL,AVEIA,CENTRO-SUL,2,2024,2025,0,False
produto_uf,AGREGADO_REGIONAL,AVEIA,NORTE/NORDESTE,2,2024,2025,0,False
produto_uf,AGREGADO_REGIONAL,CANOLA,CENTRO-SUL,2,2024,2025,0,False
produto_uf,AGREGADO_REGIONAL,CANOLA,NORTE/NORDESTE,2,2024,2025,0,False
produto_uf,AGREGADO_REGIONAL,CENTEIO,CENTRO-SUL,2,2024,2025,0,False
produto_uf,AGREGADO_REGIONAL,CENTEIO,NORTE/NORDESTE,2,2024,2025,0,False
produto_uf,AGREGADO_REGIONAL,CEVADA,CENTRO-SUL,2,2024,2025,0,False
produto_uf,AGREGADO_REGIONAL,CEVADA,NORTE/NORDESTE,2,2024,2025,0,False
produto_uf,AGREGADO_REGIONAL,FEIJÃO TOTAL,CENTRO-SUL,2,2024,2025,0,False
produto_uf,AGREGADO_REGIONAL,FEIJÃO TOTAL,NORTE/NORDESTE,2,2024,2025,0,False
produto_uf,AGREGADO_REGIONAL,GERGELIM,CENTRO-SUL,2,2024,2025,0,False
produto_uf,AGREGADO_REGIONAL,GERGELIM,NORTE/NORDESTE,2,2024,2025,0,False
produto_uf,AGREGADO_REGIONAL,GIRASSOL,CENTRO-SUL,2,2024,2025,0,False
produto_uf,AGREGADO_REGIONAL,GIRASSOL,NORTE/NORDESTE,2,2024,2025,0,False
produto_uf,AGREGADO_REGIONAL,MAMONA,CENTRO-SUL,2,2024,2025,0,False
produto_uf,AGREGADO_REGIONAL,MAMONA,NORTE/NORDESTE,2,2024,2025,0,False
produto_uf,AGREGADO_REGIONAL,MILHO TOTAL,CENTRO-SUL,2,2024,2025,0,False
produto_uf,AGREGADO_REGIONAL,MILHO TOTAL,NORTE/NORDESTE,2,2024,2025,0,False
produto_uf,AGREGADO_REGIONAL,SOJA,CENTRO-SUL,2,2024,2025,0,False
produto_uf,AGREGADO_REGIONAL,SOJA,NORTE/NORDESTE,2,2024,2025,0,False
produto_uf,AGREGADO_REGIONAL,SORGO,CENTRO-SUL,2,2024,2025,0,False
produto_uf,AGREGADO_REGIONAL,SORGO,NORTE/NORDESTE,2,2024,2025,0,False
produto_uf,AGREGADO_REGIONAL,TRIGO,CENTRO-SUL,2,2024,2025,0,False
produto_uf,AGREGADO_REGIONAL,TRIGO,NORTE/NORDESTE,2,2024,2025,0,False
produto_uf,AGREGADO_REGIONAL,TRITICALE,CENTRO-SUL,2,2024,2025,0,False
produto_uf,AGREGADO_REGIONAL,TRITICALE,NORTE/NORDESTE,2,2024,2025,0,False
produto_uf,REGIAO,ALGODÃO - CAROÇO (1),CENTRO-OESTE,2,2024,2025,0,False
produto_uf,REGIAO,ALGODÃO - CAROÇO (1),NORDESTE,2,2024,2025,0,False
produto_uf,REGIAO,ALGODÃO - CAROÇO (1),NORTE,2,2024,2025,0,False
produto_uf,REGIAO,ALGODÃO - CAROÇO (1),SUDESTE,2,2024,2025,0,False
produto_uf,REGIAO,ALGODÃO - CAROÇO (1),SUL,2,2024,2025,0,False
produto_uf,REGIAO,ALGODÃO - PLUMA,CENTRO-OESTE,2,2024,2025,0,False
produto_uf,REGIAO,ALGODÃO - PLUMA,NORDESTE,2,2024,2025,0,False
produto_uf,REGIAO,ALGODÃO - PLUMA,NORTE,2,2024,2025,0,False
produto_uf,REGIAO,ALGODÃO - PLUMA,SUDESTE,2,2024,2025,0,False
produto_uf,REGIAO,ALGODÃO - PLUMA,SUL,2,2024,2025,0,False
produto_uf,REGIAO,AMENDOIM TOTAL,CENTRO-OESTE,2,2024,2025,0,False
produto_uf,REGIAO,AMENDOIM TOTAL,NORDESTE,2,2024,2025,0,False
produto_uf,REGIAO,AMENDOIM TOTAL,NORTE,2,2024,2025,0,False
produto_uf,REGIAO,AMENDOIM TOTAL,SUDESTE,2,2024,2025,0,False
produto_uf,REGIAO,AMENDOIM TOTAL,SUL,2,2024,2025,0,False
produto_uf,REGIAO,ARROZ,CENTRO-OESTE,2,2024,2025,0,False
produto_uf,REGIAO,ARROZ,NORDESTE,2,2024,2025,0,False
produto_uf,REGIAO,ARROZ,NORTE,2,2024,2025,0,False
produto_uf,REGIAO,ARROZ,SUDESTE,2,2024,2025,0,False
produto_uf,REGIAO,ARROZ,SUL,2,2024,2025,0,False
produto_uf,REGIAO,AVEIA,CENTRO-OESTE,2,2024,2025,0,False
produto_uf,REGIAO,AVEIA,NORDESTE,2,2024,2025,0,False
produto_uf,REGIAO,AVEIA,NORTE,2,2024,2025,0,False
produto_uf,REGIAO,AVEIA,SUDESTE,2,2024,2025,0,False
produto_uf,REGIAO,AVEIA,SUL,2,2024,2025,0,False
produto_uf,REGIAO,CANOLA,CENTRO-OESTE,2,2024,2025,0,False
produto_uf,REGIAO,CANOLA,NORDESTE,2,2024,2025,0,False
produto_uf,REGIAO,CANOLA,NORTE,2,2024,2025,0,False
produto_uf,REGIAO,CANOLA,SUDESTE,2,2024,2025,0,False
produto_uf,REGIAO,CANOLA,SUL,2,2024,2025,0,False
produto_uf,REGIAO,CENTEIO,CENTRO-OESTE,2,2024,2025,0,False
produto_uf,REGIAO,CENTEIO,NORDESTE,2,2024,2025,0,False
produto_uf,REGIAO,CENTEIO,NORTE,2,2024,2025,0,False
produto_uf,REGIAO,CENTEIO,SUDESTE,2,2024,2025,0,False
produto_uf,REGIAO,CENTEIO,SUL,2,2024,2025,0,False
produto_uf,REGIAO,CEVADA,CENTRO-OESTE,2,2024,2025,0,False
produto_uf,REGIAO,CEVADA,NORDESTE,2,2024,2025,0,False
produto_uf,REGIAO,CEVADA,NORTE,2,2024,2025,0,False
produto_uf,REGIAO,CEVADA,SUDESTE,2,2024,2025,0,False
produto_uf,REGIAO,CEVADA,SUL,2,2024,2025,0,False
produto_uf,REGIAO,FEIJÃO TOTAL,CENTRO-OESTE,2,2024,2025,0,False
produto_uf,REGIAO,FEIJÃO TOTAL,NORDESTE,2,2024,2025,0,False
produto_uf,REGIAO,FEIJÃO TOTAL,NORTE,2,2024,2025,0,False
produto_uf,REGIAO,FEIJÃO TOTAL,SUDESTE,2,2024,2025,0,False
produto_uf,REGIAO,FEIJÃO TOTAL,SUL,2,2024,2025,0,False
produto_uf,REGIAO,GERGELIM,CENTRO-OESTE,2,2024,2025,0,False
produto_uf,REGIAO,GERGELIM,NORDESTE,2,2024,2025,0,False
produto_uf,REGIAO,GERGELIM,NORTE,2,2024,2025,0,False
produto_uf,REGIAO,GERGELIM,SUDESTE,2,2024,2025,0,False
produto_uf,REGIAO,GERGELIM,SUL,2,2024,2025,0,False
produto_uf,REGIAO,GIRASSOL,CENTRO-OESTE,2,2024,2025,0,False
produto_uf,REGIAO,GIRASSOL,NORDESTE,2,2024,2025,0,False
produto_uf,REGIAO,GIRASSOL,NORTE,2,2024,2025,0,False
produto_uf,REGIAO,GIRASSOL,SUDESTE,2,2024,2025,0,False
produto_uf,REGIAO,GIRASSOL,SUL,2,2024,2025,0,False
produto_uf,REGIAO,MAMONA,CENTRO-OESTE,2,2024,2025,0,False
produto_uf,REGIAO,MAMONA,NORDESTE,2,2024,2025,0,False
produto_uf,REGIAO,MAMONA,NORTE,2,2024,2025,0,False
produto_uf,REGIAO,MAMONA,SUDESTE,2,2024,2025,0,False
produto_uf,REGIAO,MAMONA,SUL,2,2024,2025,0,False
produto_uf,REGIAO,MILHO TOTAL,CENTRO-OESTE,2,2024,2025,0,False
produto_uf,REGIAO,MILHO TOTAL,NORDESTE,2,2024,2025,0,False
produto_uf,REGIAO,MILHO TOTAL,NORTE,2,2024,2025,0,False
produto_uf,REGIAO,MILHO TOTAL,SUDESTE,2,2024,2025,0,False
produto_uf,REGIAO,MILHO TOTAL,SUL,2,2024,2025,0,False
produto_uf,REGIAO,SOJA,CENTRO-OESTE,2,2024,2025,0,False
produto_uf,REGIAO,SOJA,NORDESTE,2,2024,2025,0,False
produto_uf,REGIAO,SOJA,NORTE,2,2024,2025,0,False
produto_uf,REGIAO,SOJA,SUDESTE,2,2024,2025,0,False
produto_uf,REGIAO,SOJA,SUL,2,2024,2025,0,False
produto_uf,REGIAO,SORGO,CENTRO-OESTE,2,2024,2025,0,False
produto_uf,REGIAO,SORGO,NORDESTE,2,2024,2025,0,False
produto_uf,REGIAO,SORGO,NORTE,2,2024,2025,0,False
produto_uf,REGIAO,SORGO,SUDESTE,2,2024,2025,0,False
produto_uf,REGIAO,SORGO,SUL,2,2024,2025,0,False
produto_uf,REGIAO,TRIGO,CENTRO-OESTE,2,2024,2025,0,False
produto_uf,REGIAO,TRIGO,NORDESTE,2,2024,2025,0,False
produto_uf,REGIAO,TRIGO,NORTE,2,2024,2025,0,False
produto_uf,REGIAO,TRIGO,SUDESTE,2,2024,2025,0,False
produto_uf,REGIAO,TRIGO,SUL,2,2024,2025,0,False
produto_uf,REGIAO,TRITICALE,CENTRO-OESTE,2,2024,2025,0,False
produto_uf,REGIAO,TRITICALE,NORDESTE,2,2024,2025,0,False
produto_uf,REGIAO,TRITICALE,NORTE,2,2024,2025,0,False
produto_uf,REGIAO,TRITICALE,SUDESTE,2,2024,2025,0,False
produto_uf,REGIAO,TRITICALE,SUL,2,2024,2025,0,False
produto_uf,TOTAL_BRASIL,ALGODÃO - CAROÇO (1),BRASIL,2,2024,2025,0,False
produto_uf,TOTAL_BRASIL,ALGODÃO - PLUMA,BRASIL,2,2024,2025,0,False
produto_uf,TOTAL_BRASIL,AMENDOIM TOTAL,BRASIL,2,2024,2025,0,False
produto_uf,TOTAL_BRASIL,ARROZ,BRASIL,2,2024,2025,0,False
produto_uf,TOTAL_BRASIL,AVEIA,BRASIL,2,2024,2025,0,False
produto_uf,TOTAL_BRASIL,CANOLA,BRASIL,2,2024,2025,0,False
produto_uf,TOTAL_BRASIL,CENTEIO,BRASIL,2,2024,2025,0,False
produto_uf,TOTAL_BRASIL,CEVADA,BRASIL,2,2024,2025,0,False
produto_uf,TOTAL_BRASIL,FEIJÃO TOTAL,BRASIL,2,2024,2025,0,False
produto_uf,TOTAL_BRASIL,GERGELIM,BRASIL,2,2024,2025,0,False
produto_uf,TOTAL_BRASIL,GIRASSOL,BRASIL,2,2024,2025,0,False
produto_uf,TOTAL_BRASIL,MAMONA,BRASIL,2,2024,2025,0,False
produto_uf,TOTAL_BRASIL,MILHO TOTAL,BRASIL,2,2024,2025,0,False
produto_uf,TOTAL_BRASIL,SOJA,BRASIL,2,2024,2025,0,False
produto_uf,TOTAL_BRASIL,SORGO,BRASIL,2,2024,2025,0,False
produto_uf,TOTAL_BRASIL,TRIGO,BRASIL,2,2024,2025,0,False
produto_uf,TOTAL_BRASIL,TRITICALE,BRASIL,2,2024,2025,0,False
produto_uf,UF,ALGODÃO - CAROÇO (1),AC,2,2024,2025,0,False
produto_uf,UF,ALGODÃO - CAROÇO (1),AL,2,2024,2025,0,False
produto_uf,UF,ALGODÃO - CAROÇO (1),AM,2,2024,2025,0,False
produto_uf,UF,ALGODÃO - CAROÇO (1),AP,2,2024,2025,0,False
produto_uf,UF,ALGODÃO - CAROÇO (1),BA,2,2024,2025,0,False
produto_uf,UF,ALGODÃO - CAROÇO (1),CE,2,2024,2025,0,False
produto_uf,UF,ALGODÃO - CAROÇO (1),DF,2,2024,2025,0,False
produto_uf,UF,ALGODÃO - CAROÇO (1),ES,2,2024,2025,0,False
produto_uf,UF,ALGODÃO - CAROÇO (1),GO,2,2024,2025,0,False
produto_uf,UF,ALGODÃO - CAROÇO (1),MA,2,2024,2025,0,False
produto_uf,UF,ALGODÃO - CAROÇO (1),MG,2,2024,2025,0,False
produto_uf,UF,ALGODÃO - CAROÇO (1),MS,2,2024,2025,0,False
produto_uf,UF,ALGODÃO - CAROÇO (1),MT,2,2024,2025,0,False
produto_uf,UF,ALGODÃO - CAROÇO (1),PA,2,2024,2025,0,False
produto_uf,UF,ALGODÃO - CAROÇO (1),PB,2,2024,2025,0,False
produto_uf,UF,ALGODÃO - CAROÇO (1),PE,2,2024,2025,0,False
produto_uf,UF,ALGODÃO - CAROÇO (1),PI,2,2024,2025,0,False
produto_uf,UF,ALGODÃO - CAROÇO (1),PR,2,2024,2025,0,False
produto_uf,UF,ALGODÃO - CAROÇO (1),RJ,2,2024,2025,0,False
produto_uf,UF,ALGODÃO - CAROÇO (1),RN,2,2024,2025,0,False
produto_uf,UF,ALGODÃO - CAROÇO (1),RO,2,2024,2025,0,False
produto_uf,UF,ALGODÃO - CAROÇO (1),RR,2,2024,2025,0,False
produto_uf,UF,ALGODÃO - CAROÇO (1),RS,2,2024,2025,0,False
produto_uf,UF,ALGODÃO - CAROÇO (1),SC,2,2024,2025,0,False
produto_uf,UF,ALGODÃO - CAROÇO (1),SE,2,2024,2025,0,False
produto_uf,UF,ALGODÃO - CAROÇO (1),SP,2,2024,2025,0,False
produto_uf,UF,ALGODÃO - CAROÇO (1),TO,2,2024,2025,0,False
produto_uf,UF,ALGODÃO - PLUMA,AC,2,2024,2025,0,False
produto_uf,UF,ALGODÃO - PLUMA,AL,2,2024,2025,0,False
produto_uf,UF,ALGODÃO - PLUMA,AM,2,2024,2025,0,False
produto_uf,UF,ALGODÃO - PLUMA,AP,2,2024,2025,0,False
produto_uf,UF,ALGODÃO - PLUMA,BA,2,2024,2025,0,False
produto_uf,UF,ALGODÃO - PLUMA,CE,2,2024,2025,0,False
produto_uf,UF,ALGODÃO - PLUMA,DF,2,2024,2025,0,False
produto_uf,UF,ALGODÃO - PLUMA,ES,2,2024,2025,0,False
produto_uf,UF,ALGODÃO - PLUMA,GO,2,2024,2025,0,False
produto_uf,UF,ALGODÃO - PLUMA,MA,2,2024,2025,0,False
produto_uf,UF,ALGODÃO - PLUMA,MG,2,2024,2025,0,False
produto_uf,UF,ALGODÃO - PLUMA,MS,2,2024,2025,0,False
produto_uf,UF,ALGODÃO - PLUMA,MT,2,2024,2025,0,False
produto_uf,UF,ALGODÃO - PLUMA,PA,2,2024,2025,0,False
produto_uf,UF,ALGODÃO - PLUMA,PB,2,2024,2025,0,False
produto_uf,UF,ALGODÃO - PLUMA,PE,2,2024,2025,0,False
produto_uf,UF,ALGODÃO - PLUMA,PI,2,2024,2025,0,False
produto_uf,UF,ALGODÃO - PLUMA,PR,2,2024,2025,0,False
produto_uf,UF,ALGODÃO - PLUMA,RJ,2,2024,2025,0,False
produto_uf,UF,ALGODÃO - PLUMA,RN,2,2024,2025,0,False
produto_uf,UF,ALGODÃO - PLUMA,RO,2,2024,2025,0,False
produto_uf,UF,ALGODÃO - PLUMA,RR,2,2024,2025,0,False
produto_uf,UF,ALGODÃO - PLUMA,RS,2,2024,2025,0,False
produto_uf,UF,ALGODÃO - PLUMA,SC,2,2024,2025,0,False
produto_uf,UF,ALGODÃO - PLUMA,SE,2,2024,2025,0,False
produto_uf,UF,ALGODÃO - PLUMA,SP,2,2024,2025,0,False
produto_uf,UF,ALGODÃO - PLUMA,TO,2,2024,2025,0,False
produto_uf,UF,AMENDOIM TOTAL,AC,2,2024,2025,0,False
produto_uf,UF,AMENDOIM TOTAL,AL,2,2024,2025,0,False
produto_uf,UF,AMENDOIM TOTAL,AM,2,2024,2025,0,False
produto_uf,UF,AMENDOIM TOTAL,AP,2,2024,2025,0,False
produto_uf,UF,AMENDOIM TOTAL,BA,2,2024,2025,0,False
produto_uf,UF,AMENDOIM TOTAL,CE,2,2024,2025,0,False
produto_uf,UF,AMENDOIM TOTAL,DF,2,2024,2025,0,False
produto_uf,UF,AMENDOIM TOTAL,ES,2,2024,2025,0,False
produto_uf,UF,AMENDOIM TOTAL,GO,2,2024,2025,0,False
produto_uf,UF,AMENDOIM TOTAL,MA,2,2024,2025,0,False
produto_uf,UF,AMENDOIM TOTAL,MG,2,2024,2025,0,False
produto_uf,UF,AMENDOIM TOTAL,MS,2,2024,2025,0,False
produto_uf,UF,AMENDOIM TOTAL,MT,2,2024,2025,0,False
produto_uf,UF,AMENDOIM TOTAL,PA,2,2024,2025,0,False
produto_uf,UF,AMENDOIM TOTAL,PB,2,2024,2025,0,False
produto_uf,UF,AMENDOIM TOTAL,PE,2,2024,2025,0,False
produto_uf,UF,AMENDOIM TOTAL,PI,2,2024,2025,0,False
produto_uf,UF,AMENDOIM TOTAL,PR,2,2024,2025,0,False
produto_uf,UF,AMENDOIM TOTAL,RJ,2,2024,2025,0,False
produto_uf,UF,AMENDOIM TOTAL,RN,2,2024,2025,0,False
produto_uf,UF,AMENDOIM TOTAL,RO,2,2024,2025,0,False
produto_uf,UF,AMENDOIM TOTAL,RR,2,2024,2025,0,False
produto_uf,UF,AMENDOIM TOTAL,RS,2,2024,2025,0,False
produto_uf,UF,AMENDOIM TOTAL,SC,2,2024,2025,0,False
produto_uf,UF,AMENDOIM TOTAL,SE,2,2024,2025,0,False
produto_uf,UF,AMENDOIM TOTAL,SP,2,2024,2025,0,False
produto_uf,UF,AMENDOIM TOTAL,TO,2,2024,2025,0,False
produto_uf,UF,ARROZ,AC,2,2024,2025,0,False
produto_uf,UF,ARROZ,AL,2,2024,2025,0,False
produto_uf,UF,ARROZ,AM,2,2024,2025,0,False
produto_uf,UF,ARROZ,AP,2,2024,2025,0,False
produto_uf,UF,ARROZ,BA,2,2024,2025,0,False
produto_uf,UF,ARROZ,CE,2,2024,2025,0,False
produto_uf,UF,ARROZ,DF,2,2024,2025,0,False
produto_uf,UF,ARROZ,ES,2,2024,2025,0,False
produto_uf,UF,ARROZ,GO,2,2024,2025,0,False
produto_uf,UF,ARROZ,MA,2,2024,2025,0,False
produto_uf,UF,ARROZ,MG,2,2024,2025,0,False
produto_uf,UF,ARROZ,MS,2,2024,2025,0,False
produto_uf,UF,ARROZ,MT,2,2024,2025,0,False
produto_uf,UF,ARROZ,PA,2,2024,2025,0,False
produto_uf,UF,ARROZ,PB,2,2024,2025,0,False
produto_uf,UF,ARROZ,PE,2,2024,2025,0,False
produto_uf,UF,ARROZ,PI,2,2024,2025,0,False
produto_uf,UF,ARROZ,PR,2,2024,2025,0,False
produto_uf,UF,ARROZ,RJ,2,2024,2025,0,False
produto_uf,UF,ARROZ,RN,2,2024,2025,0,False
produto_uf,UF,ARROZ,RO,2,2024,2025,0,False
produto_uf,UF,ARROZ,RR,2,2024,2025,0,False
produto_uf,UF,ARROZ,RS,2,2024,2025,0,False
produto_uf,UF,ARROZ,SC,2,2024,2025,0,False
produto_uf,UF,ARROZ,SE,2,2024,2025,0,False
produto_uf,UF,ARROZ,SP,2,2024,2025,0,False
produto_uf,UF,ARROZ,TO,2,2024,2025,0,False
produto_uf,UF,AVEIA,AC,2,2024,2025,0,False
produto_uf,UF,AVEIA,AL,2,2024,2025,0,False
produto_uf,UF,AVEIA,AM,2,2024,2025,0,False
produto_uf,UF,AVEIA,AP,2,2024,2025,0,False
produto_uf,UF,AVEIA,BA,2,2024,2025,0,False
produto_uf,UF,AVEIA,CE,2,2024,2025,0,False
produto_uf,UF,AVEIA,DF,2,2024,2025,0,False
produto_uf,UF,AVEIA,ES,2,2024,2025,0,False
produto_uf,UF,AVEIA,GO,2,2024,2025,0,False
produto_uf,UF,AVEIA,MA,2,2024,2025,0,False
produto_uf,UF,AVEIA,MG,2,2024,2025,0,False
produto_uf,UF,AVEIA,MS,2,2024,2025,0,False
produto_uf,UF,AVEIA,MT,2,2024,2025,0,False
produto_uf,UF,AVEIA,PA,2,2024,2025,0,False
produto_uf,UF,AVEIA,PB,2,2024,2025,0,False
produto_uf,UF,AVEIA,PE,2,2024,2025,0,False
produto_uf,UF,AVEIA,PI,2,2024,2025,0,False
produto_uf,UF,AVEIA,PR,2,2024,2025,0,False
produto_uf,UF,AVEIA,RJ,2,2024,2025,0,False
produto_uf,UF,AVEIA,RN,2,2024,2025,0,False
produto_uf,UF,AVEIA,RO,2,2024,2025,0,False
produto_uf,UF,AVEIA,RR,2,2024,2025,0,False
produto_uf,UF,AVEIA,RS,2,2024,2025,0,False
produto_uf,UF,AVEIA,SC,2,2024,2025,0,False
produto_uf,UF,AVEIA,SE,2,2024,2025,0,False
produto_uf,UF,AVEIA,SP,2,2024,2025,0,False
produto_uf,UF,AVEIA,TO,2,2024,2025,0,False
produto_uf,UF,CANOLA,AC,2,2024,2025,0,False
produto_uf,UF,CANOLA,AL,2,2024,2025,0,False
produto_uf,UF,CANOLA,AM,2,2024,2025,0,False
produto_uf,UF,CANOLA,AP,2,2024,2025,0,False
produto_uf,UF,CANOLA,BA,2,2024,2025,0,False
produto_uf,UF,CANOLA,CE,2,2024,2025,0,False
produto_uf,UF,CANOLA,DF,2,2024,2025,0,False
produto_uf,UF,CANOLA,ES,2,2024,2025,0,False
produto_uf,UF,CANOLA,GO,2,2024,2025,0,False
produto_uf,UF,CANOLA,MA,2,2024,2025,0,False
produto_uf,UF,CANOLA,MG,2,2024,2025,0,False
produto_uf,UF,CANOLA,MS,2,2024,2025,0,False
produto_uf,UF,CANOLA,MT,2,2024,2025,0,False
produto_uf,UF,CANOLA,PA,2,2024,2025,0,False
produto_uf,UF,CANOLA,PB,2,2024,2025,0,False
produto_uf,UF,CANOLA,PE,2,2024,2025,0,False
produto_uf,UF,CANOLA,PI,2,2024,2025,0,False
produto_uf,UF,CANOLA,PR,2,2024,2025,0,False
produto_uf,UF,CANOLA,RJ,2,2024,2025,0,False
produto_uf,UF,CANOLA,RN,2,2024,2025,0,False
produto_uf,UF,CANOLA,RO,2,2024,2025,0,False
produto_uf,UF,CANOLA,RR,2,2024,2025,0,False
produto_uf,UF,CANOLA,RS,2,2024,2025,0,False
produto_uf,UF,CANOLA,SC,2,2024,2025,0,False
produto_uf,UF,CANOLA,SE,2,2024,2025,0,False
produto_uf,UF,CANOLA,SP,2,2024,2025,0,False
produto_uf,UF,CANOLA,TO,2,2024,2025,0,False
produto_uf,UF,CENTEIO,AC,2,2024,2025,0,False
produto_uf,UF,CENTEIO,AL,2,2024,2025,0,False
produto_uf,UF,CENTEIO,AM,2,2024,2025,0,False
produto_uf,UF,CENTEIO,AP,2,2024,2025,0,False
produto_uf,UF,CENTEIO,BA,2,2024,2025,0,False
produto_uf,UF,CENTEIO,CE,2,2024,2025,0,False
produto_uf,UF,CENTEIO,DF,2,2024,2025,0,False
produto_uf,UF,CENTEIO,ES,2,2024,2025,0,False
produto_uf,UF,CENTEIO,GO,2,2024,2025,0,False
produto_uf,UF,CENTEIO,MA,2,2024,2025,0,False
produto_uf,UF,CENTEIO,MG,2,2024,2025,0,False
produto_uf,UF,CENTEIO,MS,2,2024,2025,0,False
produto_uf,UF,CENTEIO,MT,2,2024,2025,0,False
produto_uf,UF,CENTEIO,PA,2,2024,2025,0,False
produto_uf,UF,CENTEIO,PB,2,2024,2025,0,False
produto_uf,UF,CENTEIO,PE,2,2024,2025,0,False
produto_uf,UF,CENTEIO,PI,2,2024,2025,0,False
produto_uf,UF,CENTEIO,PR,2,2024,2025,0,False
produto_uf,UF,CENTEIO,RJ,2,2024,2025,0,False
produto_uf,UF,CENTEIO,RN,2,2024,2025,0,False
produto_uf,UF,CENTEIO,RO,2,2024,2025,0,False
produto_uf,UF,CENTEIO,RR,2,2024,2025,0,False
produto_uf,UF,CENTEIO,RS,2,2024,2025,0,False
produto_uf,UF,CENTEIO,SC,2,2024,2025,0,False
produto_uf,UF,CENTEIO,SE,2,2024,2025,0,False
produto_uf,UF,CENTEIO,SP,2,2024,2025,0,False
produto_uf,UF,CENTEIO,TO,2,2024,2025,0,False
produto_uf,UF,CEVADA,AC,2,2024,2025,0,False
produto_uf,UF,CEVADA,AL,2,2024,2025,0,False
produto_uf,UF,CEVADA,AM,2,2024,2025,0,False
produto_uf,UF,CEVADA,AP,2,2024,2025,0,False
produto_uf,UF,CEVADA,BA,2,2024,2025,0,False
produto_uf,UF,CEVADA,CE,2,2024,2025,0,False
produto_uf,UF,CEVADA,DF,2,2024,2025,0,False
produto_uf,UF,CEVADA,ES,2,2024,2025,0,False
produto_uf,UF,CEVADA,GO,2,2024,2025,0,False
produto_uf,UF,CEVADA,MA,2,2024,2025,0,False
produto_uf,UF,CEVADA,MG,2,2024,2025,0,False
produto_uf,UF,CEVADA,MS,2,2024,2025,0,False
produto_uf,UF,CEVADA,MT,2,2024,2025,0,False
produto_uf,UF,CEVADA,PA,2,2024,2025,0,False
produto_uf,UF,CEVADA,PB,2,2024,2025,0,False
produto_uf,UF,CEVADA,PE,2,2024,2025,0,False
produto_uf,UF,CEVADA,PI,2,2024,2025,0,False
produto_uf,UF,CEVADA,PR,2,2024,2025,0,False
produto_uf,UF,CEVADA,RJ,2,2024,2025,0,False
produto_uf,UF,CEVADA,RN,2,2024,2025,0,False
produto_uf,UF,CEVADA,RO,2,2024,2025,0,False
produto_uf,UF,CEVADA,RR,2,2024,2025,0,False
produto_uf,UF,CEVADA,RS,2,2024,2025,0,False
produto_uf,UF,CEVADA,SC,2,2024,2025,0,False
produto_uf,UF,CEVADA,SE,2,2024,2025,0,False
produto_uf,UF,CEVADA,SP,2,2024,2025,0,False
produto_uf,UF,CEVADA,TO,2,2024,2025,0,False
produto_uf,UF,FEIJÃO TOTAL,AC,2,2024,2025,0,False
produto_uf,UF,FEIJÃO TOTAL,AL,2,2024,2025,0,False
produto_uf,UF,FEIJÃO TOTAL,AM,2,2024,2025,0,False
produto_uf,UF,FEIJÃO TOTAL,AP,2,2024,2025,0,False
produto_uf,UF,FEIJÃO TOTAL,BA,2,2024,2025,0,False
produto_uf,UF,FEIJÃO TOTAL,CE,2,2024,2025,0,False
produto_uf,UF,FEIJÃO TOTAL,DF,2,2024,2025,0,False
produto_uf,UF,FEIJÃO TOTAL,ES,2,2024,2025,0,False
produto_uf,UF,FEIJÃO TOTAL,GO,2,2024,2025,0,False
produto_uf,UF,FEIJÃO TOTAL,MA,2,2024,2025,0,False
produto_uf,UF,FEIJÃO TOTAL,MG,2,2024,2025,0,False
produto_uf,UF,FEIJÃO TOTAL,MS,2,2024,2025,0,False
produto_uf,UF,FEIJÃO TOTAL,MT,2,2024,2025,0,False
produto_uf,UF,FEIJÃO TOTAL,PA,2,2024,2025,0,False
produto_uf,UF,FEIJÃO TOTAL,PB,2,2024,2025,0,False
produto_uf,UF,FEIJÃO TOTAL,PE,2,2024,2025,0,False
produto_uf,UF,FEIJÃO TOTAL,PI,2,2024,2025,0,False
produto_uf,UF,FEIJÃO TOTAL,PR,2,2024,2025,0,False
produto_uf,UF,FEIJÃO TOTAL,RJ,2,2024,2025,0,False
produto_uf,UF,FEIJÃO TOTAL,RN,2,2024,2025,0,False
produto_uf,UF,FEIJÃO TOTAL,RO,2,2024,2025,0,False
produto_uf,UF,FEIJÃO TOTAL,RR,2,2024,2025,0,False
produto_uf,UF,FEIJÃO TOTAL,RS,2,2024,2025,0,False
produto_uf,UF,FEIJÃO TOTAL,SC,2,2024,2025,0,False
produto_uf,UF,FEIJÃO TOTAL,SE,2,2024,2025,0,False
produto_uf,UF,FEIJÃO TOTAL,SP,2,2024,2025,0,False
produto_uf,UF,FEIJÃO TOTAL,TO,2,2024,2025,0,False
produto_uf,UF,GERGELIM,AC,2,2024,2025,0,False
produto_uf,UF,GERGELIM,AL,2,2024,2025,0,False
produto_uf,UF,GERGELIM,AM,2,2024,2025,0,False
produto_uf,UF,GERGELIM,AP,2,2024,2025,0,False
produto_uf,UF,GERGELIM,BA,2,2024,2025,0,False
produto_uf,UF,GERGELIM,CE,2,2024,2025,0,False
produto_uf,UF,GERGELIM,DF,2,2024,2025,0,False
produto_uf,UF,GERGELIM,ES,2,2024,2025,0,False
produto_uf,UF,GERGELIM,GO,2,2024,2025,0,False
produto_uf,UF,GERGELIM,MA,2,2024,2025,0,False
produto_uf,UF,GERGELIM,MG,2,2024,2025,0,False
produto_uf,UF,GERGELIM,MS,2,2024,2025,0,False
produto_uf,UF,GERGELIM,MT,2,2024,2025,0,False
produto_uf,UF,GERGELIM,PA,2,2024,2025,0,False
produto_uf,UF,GERGELIM,PB,2,2024,2025,0,False
produto_uf,UF,GERGELIM,PE,2,2024,2025,0,False
produto_uf,UF,GERGELIM,PI,2,2024,2025,0,False
produto_uf,UF,GERGELIM,PR,2,2024,2025,0,False
produto_uf,UF,GERGELIM,RJ,2,2024,2025,0,False
produto_uf,UF,GERGELIM,RN,2,2024,2025,0,False
produto_uf,UF,GERGELIM,RO,2,2024,2025,0,False
produto_uf,UF,GERGELIM,RR,2,2024,2025,0,False
produto_uf,UF,GERGELIM,RS,2,2024,2025,0,False
produto_uf,UF,GERGELIM,SC,2,2024,2025,0,False
produto_uf,UF,GERGELIM,SE,2,2024,2025,0,False
produto_uf,UF,GERGELIM,SP,2,2024,2025,0,False
produto_uf,UF,GERGELIM,TO,2,2024,2025,0,False
produto_uf,UF,GIRASSOL,AC,2,2024,2025,0,False
produto_uf,UF,GIRASSOL,AL,2,2024,2025,0,False
produto_uf,UF,GIRASSOL,AM,2,2024,2025,0,False
produto_uf,UF,GIRASSOL,AP,2,2024,2025,0,False
produto_uf,UF,GIRASSOL,BA,2,2024,2025,0,False
produto_uf,UF,GIRASSOL,CE,2,2024,2025,0,False
produto_uf,UF,GIRASSOL,DF,2,2024,2025,0,False
produto_uf,UF,GIRASSOL,ES,2,2024,2025,0,False
produto_uf,UF,GIRASSOL,GO,2,2024,2025,0,False
produto_uf,UF,GIRASSOL,MA,2,2024,2025,0,False
produto_uf,UF,GIRASSOL,MG,2,2024,2025,0,False
produto_uf,UF,GIRASSOL,MS,2,2024,2025,0,False
produto_uf,UF,GIRASSOL,MT,2,2024,2025,0,False
produto_uf,UF,GIRASSOL,PA,2,2024,2025,0,False
produto_uf,UF,GIRASSOL,PB,2,2024,2025,0,False
produto_uf,UF,GIRASSOL,PE,2,2024,2025,0,False
produto_uf,UF,GIRASSOL,PI,2,2024,2025,0,False
produto_uf,UF,GIRASSOL,PR,2,2024,2025,0,False
produto_uf,UF,GIRASSOL,RJ,2,2024,2025,0,False
produto_uf,UF,GIRASSOL,RN,2,2024,2025,0,False
produto_uf,UF,GIRASSOL,RO,2,2024,2025,0,False
produto_uf,UF,GIRASSOL,RR,2,2024,2025,0,False
produto_uf,UF,GIRASSOL,RS,2,2024,2025,0,False
produto_uf,UF,GIRASSOL,SC,2,2024,2025,0,False
produto_uf,UF,GIRASSOL,SE,2,2024,2025,0,False
produto_uf,UF,GIRASSOL,SP,2,2024,2025,0,False
produto_uf,UF,GIRASSOL,TO,2,2024,2025,0,False
produto_uf,UF,MAMONA,AC,2,2024,2025,0,False
produto_uf,UF,MAMONA,AL,2,2024,2025,0,False
produto_uf,UF,MAMONA,AM,2,2024,2025,0,False
produto_uf,UF,MAMONA,AP,2,2024,2025,0,False
produto_uf,UF,MAMONA,BA,2,2024,2025,0,False
produto_uf,UF,MAMONA,CE,2,2024,2025,0,False
produto_uf,UF,MAMONA,DF,2,2024,2025,0,False
produto_uf,UF,MAMONA,ES,2,2024,2025,0,False
produto_uf,UF,MAMONA,GO,2,2024,2025,0,False
produto_uf,UF,MAMONA,MA,2,2024,2025,0,False
produto_uf,UF,MAMONA,MG,2,2024,2025,0,False
produto_uf,UF,MAMONA,MS,2,2024,2025,0,False
produto_uf,UF,MAMONA,MT,2,2024,2025,0,False
produto_uf,UF,MAMONA,PA,2,2024,2025,0,False
produto_uf,UF,MAMONA,PB,2,2024,2025,0,False
produto_uf,UF,MAMONA,PE,2,2024,2025,0,False
produto_uf,UF,MAMONA,PI,2,2024,2025,0,False
produto_uf,UF,MAMONA,PR,2,2024,2025,0,False
produto_uf,UF,MAMONA,RJ,2,2024,2025,0,False
produto_uf,UF,MAMONA,RN,2,2024,2025,0,False
produto_uf,UF,MAMONA,RO,2,2024,2025,0,False
produto_uf,UF,MAMONA,RR,2,2024,2025,0,False
produto_uf,UF,MAMONA,RS,2,2024,2025,0,False
produto_uf,UF,MAMONA,SC,2,2024,2025,0,False
produto_uf,UF,MAMONA,SE,2,2024,2025,0,False
produto_uf,UF,MAMONA,SP,2,2024,2025,0,False
produto_uf,UF,MAMONA,TO,2,2024,2025,0,False
produto_uf,UF,MILHO TOTAL,AC,2,2024,2025,0,False
produto_uf,UF,MILHO TOTAL,AL,2,2024,2025,0,False
produto_uf,UF,MILHO TOTAL,AM,2,2024,2025,0,False
produto_uf,UF,MILHO TOTAL,AP,2,2024,2025,0,False
produto_uf,UF,MILHO TOTAL,BA,2,2024,2025,0,False
produto_uf,UF,MILHO TOTAL,CE,2,2024,2025,0,False
produto_uf,UF,MILHO TOTAL,DF,2,2024,2025,0,False
produto_uf,UF,MILHO TOTAL,ES,2,2024,2025,0,False
produto_uf,UF,MILHO TOTAL,GO,2,2024,2025,0,False
produto_uf,UF,MILHO TOTAL,MA,2,2024,2025,0,False
produto_uf,UF,MILHO TOTAL,MG,2,2024,2025,0,False
produto_uf,UF,MILHO TOTAL,MS,2,2024,2025,0,False
produto_uf,UF,MILHO TOTAL,MT,2,2024,2025,0,False
produto_uf,UF,MILHO TOTAL,PA,2,2024,2025,0,False
produto_uf,UF,MILHO TOTAL,PB,2,2024,2025,0,False
produto_uf,UF,MILHO TOTAL,PE,2,2024,2025,0,False
produto_uf,UF,MILHO TOTAL,PI,2,2024,2025,0,False
produto_uf,UF,MILHO TOTAL,PR,2,2024,2025,0,False
produto_uf,UF,MILHO TOTAL,RJ,2,2024,2025,0,False
produto_uf,UF,MILHO TOTAL,RN,2,2024,2025,0,False
produto_uf,UF,MILHO TOTAL,RO,2,2024,2025,0,False
produto_uf,UF,MILHO TOTAL,RR,2,2024,2025,0,False
produto_uf,UF,MILHO TOTAL,RS,2,2024,2025,0,False
produto_uf,UF,MILHO TOTAL,SC,2,2024,2025,0,False
produto_uf,UF,MILHO TOTAL,SE,2,2024,2025,0,False
produto_uf,UF,MILHO TOTAL,SP,2,2024,2025,0,False
produto_uf,UF,MILHO TOTAL,TO,2,2024,2025,0,False
produto_uf,UF,SOJA,AC,2,2024,2025,0,False
produto_uf,UF,SOJA,AL,2,2024,2025,0,False
produto_uf,UF,SOJA,AM,2,2024,2025,0,False
produto_uf,UF,SOJA,AP,2,2024,2025,0,False
produto_uf,UF,SOJA,BA,2,2024,2025,0,False
produto_uf,UF,SOJA,CE,2,2024,2025,0,False
produto_uf,UF,SOJA,DF,2,2024,2025,0,False
produto_uf,UF,SOJA,ES,2,2024,2025,0,False
produto_uf,UF,SOJA,GO,2,2024,2025,0,False
produto_uf,UF,SOJA,MA,2,2024,2025,0,False
produto_uf,UF,SOJA,MG,2,2024,2025,0,False
produto_uf,UF,SOJA,MS,2,2024,2025,0,False
produto_uf,UF,SOJA,MT,2,2024,2025,0,False
produto_uf,UF,SOJA,PA,2,2024,2025,0,False
produto_uf,UF,SOJA,PB,2,2024,2025,0,False
produto_uf,UF,SOJA,PE,2,2024,2025,0,False
produto_uf,UF,SOJA,PI,2,2024,2025,0,False
produto_uf,UF,SOJA,PR,2,2024,2025,0,False
produto_uf,UF,SOJA,RJ,2,2024,2025,0,False
produto_uf,UF,SOJA,RN,2,2024,2025,0,False
produto_uf,UF,SOJA,RO,2,2024,2025,0,False
produto_uf,UF,SOJA,RR,2,2024,2025,0,False
produto_uf,UF,SOJA,RS,2,2024,2025,0,False
produto_uf,UF,SOJA,SC,2,2024,2025,0,False
produto_uf,UF,SOJA,SE,2,2024,2025,0,False
produto_uf,UF,SOJA,SP,2,2024,2025,0,False
produto_uf,UF,SOJA,TO,2,2024,2025,0,False
produto_uf,UF,SORGO,AC,2,2024,2025,0,False
produto_uf,UF,SORGO,AL,2,2024,2025,0,False
produto_uf,UF,SORGO,AM,2,2024,2025,0,False
produto_uf,UF,SORGO,AP,2,2024,2025,0,False
produto_uf,UF,SORGO,BA,2,2024,2025,0,False
produto_uf,UF,SORGO,CE,2,2024,2025,0,False
produto_uf,UF,SORGO,DF,2,2024,2025,0,False
produto_uf,UF,SORGO,ES,2,2024,2025,0,False
produto_uf,UF,SORGO,GO,2,2024,2025,0,False
produto_uf,UF,SORGO,MA,2,2024,2025,0,False
produto_uf,UF,SORGO,MG,2,2024,2025,0,False
produto_uf,UF,SORGO,MS,2,2024,2025,0,False
produto_uf,UF,SORGO,MT,2,2024,2025,0,False
produto_uf,UF,SORGO,PA,2,2024,2025,0,False
produto_uf,UF,SORGO,PB,2,2024,2025,0,False
produto_uf,UF,SORGO,PE,2,2024,2025,0,False
produto_uf,UF,SORGO,PI,2,2024,2025,0,False
produto_uf,UF,SORGO,PR,2,2024,2025,0,False
produto_uf,UF,SORGO,RJ,2,2024,2025,0,False
produto_uf,UF,SORGO,RN,2,2024,2025,0,False
produto_uf,UF,SORGO,RO,2,2024,2025,0,False
produto_uf,UF,SORGO,RR,2,2024,2025,0,False
produto_uf,UF,SORGO,RS,2,2024,2025,0,False
produto_uf,UF,SORGO,SC,2,2024,2025,0,False
produto_uf,UF,SORGO,SE,2,2024,2025,0,False
produto_uf,UF,SORGO,SP,2,2024,2025,0,False
produto_uf,UF,SORGO,TO,2,2024,2025,0,False
produto_uf,UF,TRIGO,AC,2,2024,2025,0,False
produto_uf,UF,TRIGO,AL,2,2024,2025,0,False
produto_uf,UF,TRIGO,AM,2,2024,2025,0,False
produto_uf,UF,TRIGO,AP,2,2024,2025,0,False
produto_uf,UF,TRIGO,BA,2,2024,2025,0,False
produto_uf,UF,TRIGO,CE,2,2024,2025,0,False
produto_uf,UF,TRIGO,DF,2,2024,2025,0,False
produto_uf,UF,TRIGO,ES,2,2024,2025,0,False
produto_uf,UF,TRIGO,GO,2,2024,2025,0,False
produto_uf,UF,TRIGO,MA,2,2024,2025,0,False
produto_uf,UF,TRIGO,MG,2,2024,2025,0,False
produto_uf,UF,TRIGO,MS,2,2024,2025,0,False
produto_uf,UF,TRIGO,MT,2,2024,2025,0,False
produto_uf,UF,TRIGO,PA,2,2024,2025,0,False
produto_uf,UF,TRIGO,PB,2,2024,2025,0,False
produto_uf,UF,TRIGO,PE,2,2024,2025,0,False
produto_uf,UF,TRIGO,PI,2,2024,2025,0,False
produto_uf,UF,TRIGO,PR,2,2024,2025,0,False
produto_uf,UF,TRIGO,RJ,2,2024,2025,0,False
produto_uf,UF,TRIGO,RN,2,2024,2025,0,False
produto_uf,UF,TRIGO,RO,2,2024,2025,0,False
produto_uf,UF,TRIGO,RR,2,2024,2025,0,False
produto_uf,UF,TRIGO,RS,2,2024,2025,0,False
produto_uf,UF,TRIGO,SC,2,2024,2025,0,False
produto_uf,UF,TRIGO,SE,2,2024,2025,0,False
produto_uf,UF,TRIGO,SP,2,2024,2025,0,False
produto_uf,UF,TRIGO,TO,2,2024,2025,0,False
produto_uf,UF,TRITICALE,AC,2,2024,2025,0,False
produto_uf,UF,TRITICALE,AL,2,2024,2025,0,False
produto_uf,UF,TRITICALE,AM,2,2024,2025,0,False
produto_uf,UF,TRITICALE,AP,2,2024,2025,0,False
produto_uf,UF,TRITICALE,BA,2,2024,2025,0,False
produto_uf,UF,TRITICALE,CE,2,2024,2025,0,False
produto_uf,UF,TRITICALE,DF,2,2024,2025,0,False
produto_uf,UF,TRITICALE,ES,2,2024,2025,0,False
produto_uf,UF,TRITICALE,GO,2,2024,2025,0,False
produto_uf,UF,TRITICALE,MA,2,2024,2025,0,False
produto_uf,UF,TRITICALE,MG,2,2024,2025,0,False
produto_uf,UF,TRITICALE,MS,2,2024,2025,0,False
produto_uf,UF,TRITICALE,MT,2,2024,2025,0,False
produto_uf,UF,TRITICALE,PA,2,2024,2025,0,False
produto_uf,UF,TRITICALE,PB,2,2024,2025,0,False
produto_uf,UF,TRITICALE,PE,2,2024,2025,0,False
produto_uf,UF,TRITICALE,PI,2,2024,2025,0,False
produto_uf,UF,TRITICALE,PR,2,2024,2025,0,False
produto_uf,UF,TRITICALE,RJ,2,2024,2025,0,False
produto_uf,UF,TRITICALE,RN,2,2024,2025,0,False
produto_uf,UF,TRITICALE,RO,2,2024,2025,0,False
produto_uf,UF,TRITICALE,RR,2,2024,2025,0,False
produto_uf,UF,TRITICALE,RS,2,2024,2025,0,False
produto_uf,UF,TRITICALE,SC,2,2024,2025,0,False
produto_uf,UF,TRITICALE,SE,2,2024,2025,0,False
produto_uf,UF,TRITICALE,SP,2,2024,2025,0,False
produto_uf,UF,TRITICALE,TO,2,2024,2025,0,False
uf,AGREGADO_REGIONAL,TODAS,CENTRO-SUL,2,2024,2025,0,False
uf,AGREGADO_REGIONAL,TODAS,NORTE/NORDESTE,2,2024,2025,0,False
uf,REGIAO,TODAS,CENTRO-OESTE,2,2024,2025,0,False
uf,REGIAO,TODAS,NORDESTE,2,2024,2025,0,False
uf,REGIAO,TODAS,NORTE,2,2024,2025,0,False
uf,REGIAO,TODAS,SUDESTE,2,2024,2025,0,False
uf,REGIAO,TODAS,SUL,2,2024,2025,0,False
uf,TOTAL_BRASIL,TODAS,BRASIL,2,2024,2025,0,False
uf,UF,TODAS,AC,2,2024,2025,0,False
uf,UF,TODAS,AL,2,2024,2025,0,False
uf,UF,TODAS,AM,2,2024,2025,0,False
uf,UF,TODAS,AP,2,2024,2025,0,False
uf,UF,TODAS,BA,2,2024,2025,0,False
uf,UF,TODAS,CE,2,2024,2025,0,False
uf,UF,TODAS,DF,2,2024,2025,0,False
uf,UF,TODAS,ES,2,2024,2025,0,False
uf,UF,TODAS,GO,2,2024,2025,0,False
uf,UF,TODAS,MA,2,2024,2025,0,False
uf,UF,TODAS,MG,2,2024,2025,0,False
uf,UF,TODAS,MS,2,2024,2025,0,False
uf,UF,TODAS,MT,2,2024,2025,0,False
uf,UF,TODAS,PA,2,2024,2025,0,False
uf,UF,TODAS,PB,2,2024,2025,0,False
uf,UF,TODAS,PE,2,2024,2025,0,False
uf,UF,TODAS,PI,2,2024,2025,0,False
uf,UF,TODAS,PR,2,2024,2025,0,False
uf,UF,TODAS,RJ,2,2024,2025,0,False
uf,UF,TODAS,RN,2,2024,2025,0,False
uf,UF,TODAS,RO,2,2024,2025,0,False
uf,UF,TODAS,RR,2,2024,2025,0,False
uf,UF,TODAS,RS,2,2024,2025,0,False
uf,UF,TODAS,SC,2,2024,2025,0,False
uf,UF,TODAS,SE,2,2024,2025,0,False
uf,UF,TODAS,SP,2,2024,2025,0,False
uf,UF,TODAS,TO,2,2024,2025,0,False
