tipo_linha,regiao_uf,periodo_anterior,periodo_atual,area_anterior_mil_ha,area_atual_mil_ha,area_variacao_pct,produtividade_anterior_kg_ha,produtividade_atual_kg_ha,produtividade_variacao_pct,producao_anterior_mil_t,producao_atual_mil_t,producao_variacao_pct,fonte,referencia,source_url,variacao_area_pct_calc,variacao_produtividade_pct_calc,variacao_producao_pct_calc,participacao_producao_pct,crescimento_producao_mil_t,crescimento_area_mil_ha,crescimento_produtividade_kg_ha,classificacao_decomposicao,ranking_localidade_producao
regiao,NORTE,2024/25,2025/26,5958.4,6373.4,7.0,3803.756,3747.231,-1.5,22664.3,23882.6,5.4,Conab,Estimativa em fevereiro/2026,https://www.gov.br/conab/pt-br/atuacao/informacoes-agropecuarias/safras/safra-de-graos/boletim-da-safra-de-graos/5o-levantamento-safra-2025-26/site_previsao_de_safra-por-produto-fev-2026.xlsx,6.964957035445758,-1.486031175501258,5.375414197658871,6.758411835192392,1218.2999999999993,415.0,-56.524999999999636,expansao por area,13.0
uf,RR,2024/25,2025/26,171.9,181.5,5.6,4027.341,3866.116,-4.0,692.3,701.7,1.4,Conab,Estimativa em fevereiro/2026,https://www.gov.br/conab/pt-br/atuacao/informacoes-agropecuarias/safras/safra-de-graos/boletim-da-safra-de-graos/5o-levantamento-safra-2025-26/site_previsao_de_safra-por-produto-fev-2026.xlsx,5.58464223385689,-4.003261705427971,1.3577928643651729,0.19857040626876898,9.400000000000091,9.599999999999994,-161.2249999999999,expansao por area,25.0
uf,RO,2024/25,2025/26,1242.8,1277.2,2.8,4368.925,4356.326,-0.3,5429.7,5563.9,2.5,Conab,Estimativa em fevereiro/2026,https://www.gov.br/conab/pt-br/atuacao/informacoes-agropecuarias/safras/safra-de-graos/boletim-da-safra-de-graos/5o-levantamento-safra-2025-26/site_previsao_de_safra-por-produto-fev-2026.xlsx,2.7679433537174196,-0.2883775757194312,2.4715914323074903,1.5744989075656315,134.19999999999982,34.40000000000009,-12.59900000000016,expansao por area,22.0
uf,AC,2024/25,2025/26,68.7,73.2,6.6,3081.514,3247.268,5.4,211.7,237.7,12.3,Conab,Estimativa em fevereiro/2026,https://www.gov.br/conab/pt-br/atuacao/informacoes-agropecuarias/safras/safra-de-graos/boletim-da-safra-de-graos/5o-levantamento-safra-2025-26/site_previsao_de_safra-por-produto-fev-2026.xlsx,6.550218340611353,5.378979293944467,12.281530467642892,0.06726547751188026,26.0,4.5,165.7539999999999,expansao combinada,28.0
uf,AM,2024/25,2025/26,28.6,34.3,19.9,3024.476,2959.184,-2.2,86.5,101.5,17.3,Conab,Estimativa em fevereiro/2026,https://www.gov.br/conab/pt-br/atuacao/informacoes-agropecuarias/safras/safra-de-graos/boletim-da-safra-de-graos/5o-levantamento-safra-2025-26/site_previsao_de_safra-por-produto-fev-2026.xlsx,19.930069930069912,-2.1587871750346146,17.341040462427745,0.028722953165569404,15.0,5.699999999999996,-65.29199999999992,expansao por area,31.0
uf,AP,2024/25,2025/26,14.0,15.7,12.1,2142.857,2254.777,5.2,30.0,35.4,18.0,Conab,Estimativa em fevereiro/2026,https://www.gov.br/conab/pt-br/atuacao/informacoes-agropecuarias/safras/safra-de-graos/boletim-da-safra-de-graos/5o-levantamento-safra-2025-26/site_previsao_de_safra-por-produto-fev-2026.xlsx,12.142857142857137,5.222933681528915,17.999999999999996,0.010017660512917801,5.399999999999999,1.6999999999999993,111.92000000000007,expansao combinada,34.0
uf,PA,2024/25,2025/26,2023.8,2237.0,10.5,3479.593,3339.383,-4.0,7042.0,7470.2,6.1,Conab,Estimativa em fevereiro/2026,https://www.gov.br/conab/pt-br/atuacao/informacoes-agropecuarias/safras/safra-de-graos/boletim-da-safra-de-graos/5o-levantamento-safra-2025-26/site_previsao_de_safra-por-produto-fev-2026.xlsx,10.534637810060286,-4.029494254069371,6.080658903720532,2.1139527560338576,428.1999999999998,213.20000000000005,-140.21000000000004,expansao por area,20.0
uf,TO,2024/25,2025/26,2408.6,2554.5,6.1,3808.063,3825.484,0.5,9172.1,9772.2,6.5,Conab,Estimativa em fevereiro/2026,https://www.gov.br/conab/pt-br/atuacao/informacoes-agropecuarias/safras/safra-de-graos/boletim-da-safra-de-graos/5o-levantamento-safra-2025-26/site_previsao_de_safra-por-produto-fev-2026.xlsx,6.0574607655899735,0.4574766751495398,6.542667437119093,2.765383674133767,600.1000000000004,145.9000000000001,17.42099999999982,expansao combinada,17.0
regiao,NORDESTE,2024/25,2025/26,10041.6,10295.4,2.5,3128.139,3113.014,-0.5,31411.52,32049.72,2.0,Conab,Estimativa em fevereiro/2026,https://www.gov.br/conab/pt-br/atuacao/informacoes-agropecuarias/safras/safra-de-graos/boletim-da-safra-de-graos/5o-levantamento-safra-2025-26/site_previsao_de_safra-por-produto-fev-2026.xlsx,2.5274856596558246,-0.4835143195363122,2.0317386742188877,9.069582330341015,638.2000000000007,253.79999999999927,-15.125,expansao por area,10.0
uf,MA,2024/25,2025/26,2257.6,2352.5,4.2,3894.578,3742.104,-3.9,8792.4,8803.3,0.1,Conab,Estimativa em fevereiro/2026,https://www.gov.br/conab/pt-br/atuacao/informacoes-agropecuarias/safras/safra-de-graos/boletim-da-safra-de-graos/5o-levantamento-safra-2025-26/site_previsao_de_safra-por-produto-fev-2026.xlsx,4.203579021970238,-3.915032642817788,0.12397070196987896,2.491199739925686,10.899999999999636,94.90000000000009,-152.47400000000016,expansao por area,18.0
uf,PI,2024/25,2025/26,1942.6,1940.5,-0.1,3221.456,3314.713,2.9,6258.0,6432.2,2.8,Conab,Estimativa em fevereiro/2026,https://www.gov.br/conab/pt-br/atuacao/informacoes-agropecuarias/safras/safra-de-graos/boletim-da-safra-de-graos/5o-levantamento-safra-2025-26/site_previsao_de_safra-por-produto-fev-2026.xlsx,-0.10810254298362551,2.89487113901292,2.7836369447107674,1.8202145748923697,174.19999999999982,-2.099999999999909,93.25700000000006,expansao por produtividade,21.0
uf,CE,2024/25,2025/26,938.7,935.5,-0.3,379.376,619.797,63.4,356.12,579.82,62.8,Conab,Estimativa em fevereiro/2026,https://www.gov.br/conab/pt-br/atuacao/informacoes-agropecuarias/safras/safra-de-graos/boletim-da-safra-de-graos/5o-levantamento-safra-2025-26/site_previsao_de_safra-por-produto-fev-2026.xlsx,-0.340896985192292,63.37274893509344,62.815904751207476,0.16408022368926556,223.70000000000005,-3.2000000000000455,240.42100000000005,expansao por produtividade,26.0
uf,RN,2024/25,2025/26,112.6,107.0,-5.0,273.535,391.589,43.2,30.8,41.9,36.0,Conab,Estimativa em fevereiro/2026,https://www.gov.br/conab/pt-br/atuacao/informacoes-agropecuarias/safras/safra-de-graos/boletim-da-safra-de-graos/5o-levantamento-safra-2025-26/site_previsao_de_safra-por-produto-fev-2026.xlsx,-4.973357015985785,43.15864514595937,36.038961038961034,0.011857061454555251,11.099999999999998,-5.599999999999994,118.05399999999997,expansao por produtividade,33.0
uf,PB,2024/25,2025/26,224.2,226.1,0.8,388.046,530.739,36.8,87.0,120.0,37.9,Conab,Estimativa em fevereiro/2026,https://www.gov.br/conab/pt-br/atuacao/informacoes-agropecuarias/safras/safra-de-graos/boletim-da-safra-de-graos/5o-levantamento-safra-2025-26/site_previsao_de_safra-por-produto-fev-2026.xlsx,0.8474576271186467,36.77218680259558,37.93103448275862,0.03395817123022984,33.0,1.9000000000000057,142.69300000000004,expansao combinada,30.0
uf,PE,2024/25,2025/26,370.7,368.5,-0.6,947.127,930.258,-1.8,351.1,342.8,-2.4,Conab,Estimativa em fevereiro/2026,https://www.gov.br/conab/pt-br/atuacao/informacoes-agropecuarias/safras/safra-de-graos/boletim-da-safra-de-graos/5o-levantamento-safra-2025-26/site_previsao_de_safra-por-produto-fev-2026.xlsx,-0.5934718100890177,-1.7810705428099836,-2.3639988607234437,0.09700717581435657,-8.300000000000011,-2.1999999999999886,-16.868999999999915,queda combinada,27.0
uf,AL,2024/25,2025/26,59.3,59.9,1.0,3578.415,2666.11,-25.5,212.2,159.7,-24.7,Conab,Estimativa em fevereiro/2026,https://www.gov.br/conab/pt-br/atuacao/informacoes-agropecuarias/safras/safra-de-graos/boletim-da-safra-de-graos/5o-levantamento-safra-2025-26/site_previsao_de_safra-por-produto-fev-2026.xlsx,1.0118043844856686,-25.494667331765598,-24.740810556079172,0.04519266621223087,-52.5,0.6000000000000014,-912.3049999999998,queda por produtividade,29.0
uf,SE,2024/25,2025/26,194.7,194.5,-0.1,6738.059,5966.581,-11.4,1311.9,1160.5,-11.5,Conab,Estimativa em fevereiro/2026,https://www.gov.br/conab/pt-br/atuacao/informacoes-agropecuarias/safras/safra-de-graos/boletim-da-safra-de-graos/5o-levantamento-safra-2025-26/site_previsao_de_safra-por-produto-fev-2026.xlsx,-0.10272213662043587,-11.449558396564946,-11.540513758670636,0.3284038142723477,-151.4000000000001,-0.19999999999998863,-771.4780000000001,queda combinada,23.0
uf,BA,2024/25,2025/26,3941.2,4110.9,4.3,3555.262,3505.194,-1.4,14012.0,14409.5,2.8,Conab,Estimativa em fevereiro/2026,https://www.gov.br/conab/pt-br/atuacao/informacoes-agropecuarias/safras/safra-de-graos/boletim-da-safra-de-graos/5o-levantamento-safra-2025-26/site_previsao_de_safra-por-produto-fev-2026.xlsx,4.305795189282448,-1.408278771016038,2.836854125035684,4.0776689028499735,397.5,169.69999999999982,-50.06800000000021,expansao por area,15.0
regiao,CENTRO-OESTE,2024/25,2025/26,36724.5,37583.8,2.3,4881.992,4658.065,-4.6,179288.7,175067.8,-2.4,Conab,Estimativa em fevereiro/2026,https://www.gov.br/conab/pt-br/atuacao/informacoes-agropecuarias/safras/safra-de-graos/boletim-da-safra-de-graos/5o-levantamento-safra-2025-26/site_previsao_de_safra-por-produto-fev-2026.xlsx,2.339854865280679,-4.58679571781356,-2.35424764639379,49.541519410830254,-4220.900000000023,859.3000000000029,-223.9270000000006,queda por produtividade,3.0
uf,MT,2024/25,2025/26,22300.1,22748.3,2.0,5040.143,4795.466,-4.9,112395.7,109088.7,-2.9,Conab,Estimativa em fevereiro/2026,https://www.gov.br/conab/pt-br/atuacao/informacoes-agropecuarias/safras/safra-de-graos/boletim-da-safra-de-graos/5o-levantamento-safra-2025-26/site_previsao_de_safra-por-produto-fev-2026.xlsx,2.0098564580427922,-4.854564642312722,-2.9422833791684204,30.870439615693112,-3307.0,448.2000000000007,-244.67699999999968,queda por produtividade,4.0
uf,MS,2024/25,2025/26,6645.0,6845.4,3.0,4303.446,4263.286,-0.9,28596.4,29183.9,2.1,Conab,Estimativa em fevereiro/2026,https://www.gov.br/conab/pt-br/atuacao/informacoes-agropecuarias/safras/safra-de-graos/boletim-da-safra-de-graos/5o-levantamento-safra-2025-26/site_previsao_de_safra-por-produto-fev-2026.xlsx,3.0158013544018005,-0.9332056217273286,2.0544544068484143,8.258598944715871,587.5,200.39999999999964,-40.159999999999854,expansao por area,12.0
uf,GO,2024/25,2025/26,7593.0,7803.1,2.8,4920.993,4598.57,-6.6,37365.1,35883.1,-4.0,Conab,Estimativa em fevereiro/2026,https://www.gov.br/conab/pt-br/atuacao/informacoes-agropecuarias/safras/safra-de-graos/boletim-da-safra-de-graos/5o-levantamento-safra-2025-26/site_previsao_de_safra-por-produto-fev-2026.xlsx,2.767022257342294,-6.551990624656459,-3.966267988042318,10.1543704505955,-1482.0,210.10000000000036,-322.4230000000007,queda por produtividade,9.0
uf,DF,2024/25,2025/26,186.4,187.0,0.3,4997.318,4877.54,-2.4,931.5,912.1,-2.1,Conab,Estimativa em fevereiro/2026,https://www.gov.br/conab/pt-br/atuacao/informacoes-agropecuarias/safras/safra-de-graos/boletim-da-safra-de-graos/5o-levantamento-safra-2025-26/site_previsao_de_safra-por-produto-fev-2026.xlsx,0.3218884120171643,-2.396845668016329,-2.0826623725174427,0.25811039982577194,-19.399999999999977,0.5999999999999943,-119.77800000000025,queda por produtividade,24.0
regiao,SUDESTE,2024/25,2025/26,6994.0,7172.0,2.5,4311.31,4282.669,-0.7,30153.3,30715.3,1.9,Conab,Estimativa em fevereiro/2026,https://www.gov.br/conab/pt-br/atuacao/informacoes-agropecuarias/safras/safra-de-graos/boletim-da-safra-de-graos/5o-levantamento-safra-2025-26/site_previsao_de_safra-por-produto-fev-2026.xlsx,2.545038604518158,-0.6643224449181462,1.8638092679739864,8.691961806565654,562.0,178.0,-28.64100000000053,expansao por area,11.0
uf,MG,2024/25,2025/26,4298.0,4398.5,2.3,4283.062,4280.255,-0.1,18408.6,18826.7,2.3,Conab,Estimativa em fevereiro/2026,https://www.gov.br/conab/pt-br/atuacao/informacoes-agropecuarias/safras/safra-de-graos/boletim-da-safra-de-graos/5o-levantamento-safra-2025-26/site_previsao_de_safra-por-produto-fev-2026.xlsx,2.3382968822708237,-0.06553722547093152,2.2712210597220985,5.327669185834734,418.1000000000022,100.5,-2.806999999999789,expansao por area,14.0
uf,ES,2024/25,2025/26,25.2,25.6,1.6,2829.365,2660.156,-6.0,71.3,68.1,-4.5,Conab,Estimativa em fevereiro/2026,https://www.gov.br/conab/pt-br/atuacao/informacoes-agropecuarias/safras/safra-de-graos/boletim-da-safra-de-graos/5o-levantamento-safra-2025-26/site_previsao_de_safra-por-produto-fev-2026.xlsx,1.5873015873015959,-5.980458512775829,-4.488078541374478,0.019271262173155432,-3.200000000000003,0.40000000000000213,-169.20899999999983,queda por produtividade,32.0
uf,RJ,2024/25,2025/26,2.8,2.6,-7.1,3285.714,3423.077,4.2,9.2,8.9,-3.3,Conab,Estimativa em fevereiro/2026,https://www.gov.br/conab/pt-br/atuacao/informacoes-agropecuarias/safras/safra-de-graos/boletim-da-safra-de-graos/5o-levantamento-safra-2025-26/site_previsao_de_safra-por-produto-fev-2026.xlsx,-7.142857142857134,4.18061340700987,-3.26086956521738,0.0025185643662420463,-0.29999999999999893,-0.19999999999999973,137.36300000000028,queda por area,35.0
uf,SP,2024/25,2025/26,2668.0,2745.3,2.9,4371.889,4302.481,-1.6,11664.2,11811.6,1.3,Conab,Estimativa em fevereiro/2026,https://www.gov.br/conab/pt-br/atuacao/informacoes-agropecuarias/safras/safra-de-graos/boletim-da-safra-de-graos/5o-levantamento-safra-2025-26/site_previsao_de_safra-por-produto-fev-2026.xlsx,2.897301349325344,-1.5875974893232732,1.2636957528163066,3.342502794191523,147.39999999999964,77.30000000000018,-69.40800000000036,expansao por area,16.0
regiao,SUL,2024/25,2025/26,22016.3,21833.3,-0.8,4030.7,4198.197,4.2,88741.1,91660.5,3.3,Conab,Estimativa em fevereiro/2026,https://www.gov.br/conab/pt-br/atuacao/informacoes-agropecuarias/safras/safra-de-graos/boletim-da-safra-de-graos/5o-levantamento-safra-2025-26/site_previsao_de_safra-por-produto-fev-2026.xlsx,-0.8312023364507206,4.155531297293281,3.289794694904609,25.938524617070684,2919.399999999994,-183.0,167.4970000000003,expansao por produtividade,5.0
uf,PR,2024/25,2025/26,9954.9,10052.9,1.0,4491.286,4456.963,-0.8,44710.3,44805.4,0.2,Conab,Estimativa em fevereiro/2026,https://www.gov.br/conab/pt-br/atuacao/informacoes-agropecuarias/safras/safra-de-graos/boletim-da-safra-de-graos/5o-levantamento-safra-2025-26/site_previsao_de_safra-por-produto-fev-2026.xlsx,0.9844398236044561,-0.7642131897189428,0.21270266582867603,12.679245376991165,95.09999999999854,98.0,-34.32300000000032,expansao por area,7.0
uf,SC,2024/25,2025/26,1429.0,1444.4,1.1,5690.203,5494.531,-3.4,8131.3,7936.3,-2.4,Conab,Estimativa em fevereiro/2026,https://www.gov.br/conab/pt-br/atuacao/informacoes-agropecuarias/safras/safra-de-graos/boletim-da-safra-de-graos/5o-levantamento-safra-2025-26/site_previsao_de_safra-por-produto-fev-2026.xlsx,1.077676696990909,-3.4387525365966813,-2.3981405187362412,2.245851952787276,-195.0,15.400000000000091,-195.67200000000048,queda por produtividade,19.0
uf,RS,2024/25,2025/26,10632.4,10336.0,-2.8,3376.425,3765.364,11.5,35899.5,38918.8,8.4,Conab,Estimativa em fevereiro/2026,https://www.gov.br/conab/pt-br/atuacao/informacoes-agropecuarias/safras/safra-de-graos/boletim-da-safra-de-graos/5o-levantamento-safra-2025-26/site_previsao_de_safra-por-produto-fev-2026.xlsx,-2.787705503931376,11.519254833144519,8.4104235435034,11.013427287292242,3019.300000000003,-296.39999999999964,388.93899999999985,expansao por produtividade,8.0
agregado_regional,NORTE/NORDESTE,2024/25,2025/26,16000.0,16668.8,4.2,3379.739,3355.51,-0.7,54075.82,55932.32,3.4,Conab,Estimativa em fevereiro/2026,https://www.gov.br/conab/pt-br/atuacao/informacoes-agropecuarias/safras/safra-de-graos/boletim-da-safra-de-graos/5o-levantamento-safra-2025-26/site_previsao_de_safra-por-produto-fev-2026.xlsx,4.179999999999995,-0.7168896769839274,3.4331425764787293,,1856.5,668.7999999999993,-24.228999999999814,expansao por area,6.0
agregado_regional,CENTRO-SUL,2024/25,2025/26,65734.8,66589.1,1.3,4536.153,4466.851,-1.5,298183.1,297443.6,-0.2,Conab,Estimativa em fevereiro/2026,https://www.gov.br/conab/pt-br/atuacao/informacoes-agropecuarias/safras/safra-de-graos/boletim-da-safra-de-graos/5o-levantamento-safra-2025-26/site_previsao_de_safra-por-produto-fev-2026.xlsx,1.2996160329079922,-1.5277703375525602,-0.24800198267440376,,-739.5,854.3000000000029,-69.30200000000059,queda por produtividade,2.0
total_brasil,BRASIL,2024/25,2025/26,81734.8,83257.9,1.9,4309.779,4244.353,-1.5,352258.92,353375.92,0.3,Conab,Estimativa em fevereiro/2026,https://www.gov.br/conab/pt-br/atuacao/informacoes-agropecuarias/safras/safra-de-graos/boletim-da-safra-de-graos/5o-levantamento-safra-2025-26/site_previsao_de_safra-por-produto-fev-2026.xlsx,1.8634657453128793,-1.5180824817235494,0.31709629950605656,,1117.0,1523.0999999999913,-65.42600000000039,expansao por area,1.0
