tipo_linha,regiao_uf,periodo_anterior,periodo_atual,area_anterior_mil_ha,area_atual_mil_ha,area_variacao_pct,produtividade_anterior_kg_ha,produtividade_atual_kg_ha,produtividade_variacao_pct,producao_anterior_mil_t,producao_atual_mil_t,producao_variacao_pct,fonte,referencia,source_url
regiao,NORTE,2024/25,2025/26,5958.4,6373.4,7,3803.756,3747.231,-1.5,22664.3,23882.6,5.4,Conab,Estimativa em fevereiro/2026,https://www.gov.br/conab/pt-br/atuacao/informacoes-agropecuarias/safras/safra-de-graos/boletim-da-safra-de-graos/5o-levantamento-safra-2025-26/site_previsao_de_safra-por-produto-fev-2026.xlsx
uf,RR,2024/25,2025/26,171.9,181.5,5.6,4027.341,3866.116,-4,692.3,701.7,1.4,Conab,Estimativa em fevereiro/2026,https://www.gov.br/conab/pt-br/atuacao/informacoes-agropecuarias/safras/safra-de-graos/boletim-da-safra-de-graos/5o-levantamento-safra-2025-26/site_previsao_de_safra-por-produto-fev-2026.xlsx
uf,RO,2024/25,2025/26,1242.8,1277.2,2.8,4368.925,4356.326,-0.3,5429.7,5563.9,2.5,Conab,Estimativa em fevereiro/2026,https://www.gov.br/conab/pt-br/atuacao/informacoes-agropecuarias/safras/safra-de-graos/boletim-da-safra-de-graos/5o-levantamento-safra-2025-26/site_previsao_de_safra-por-produto-fev-2026.xlsx
uf,AC,2024/25,2025/26,68.7,73.2,6.6,3081.514,3247.268,5.4,211.7,237.7,12.3,Conab,Estimativa em fevereiro/2026,https://www.gov.br/conab/pt-br/atuacao/informacoes-agropecuarias/safras/safra-de-graos/boletim-da-safra-de-graos/5o-levantamento-safra-2025-26/site_previsao_de_safra-por-produto-fev-2026.xlsx
uf,AM,2024/25,2025/26,28.6,34.3,19.9,3024.476,2959.184,-2.2,86.5,101.5,17.3,Conab,Estimativa em fevereiro/2026,https://www.gov.br/conab/pt-br/atuacao/informacoes-agropecuarias/safras/safra-de-graos/boletim-da-safra-de-graos/5o-levantamento-safra-2025-26/site_previsao_de_safra-por-produto-fev-2026.xlsx
uf,AP,2024/25,2025/26,14,15.7,12.1,2142.857,2254.777,5.2,30,35.4,18,Conab,Estimativa em fevereiro/2026,https://www.gov.br/conab/pt-br/atuacao/informacoes-agropecuarias/safras/safra-de-graos/boletim-da-safra-de-graos/5o-levantamento-safra-2025-26/site_previsao_de_safra-por-produto-fev-2026.xlsx
uf,PA,2024/25,2025/26,2023.8,2237,10.5,3479.593,3339.383,-4,7042,7470.2,6.1,Conab,Estimativa em fevereiro/2026,https://www.gov.br/conab/pt-br/atuacao/informacoes-agropecuarias/safras/safra-de-graos/boletim-da-safra-de-graos/5o-levantamento-safra-2025-26/site_previsao_de_safra-por-produto-fev-2026.xlsx
uf,TO,2024/25,2025/26,2408.6,2554.5,6.1,3808.063,3825.484,0.5,9172.1,9772.2,6.5,Conab,Estimativa em fevereiro/2026,https://www.gov.br/conab/pt-br/atuacao/informacoes-agropecuarias/safras/safra-de-graos/boletim-da-safra-de-graos/5o-levantamento-safra-2025-26/site_previsao_de_safra-por-produto-fev-2026.xlsx
regiao,NORDESTE,2024/25,2025/26,10041.6,10295.4,2.5,3128.139,3113.014,-0.5,31411.52,32049.72,2,Conab,Estimativa em fevereiro/2026,https://www.gov.br/conab/pt-br/atuacao/informacoes-agropecuarias/safras/safra-de-graos/boletim-da-safra-de-graos/5o-levantamento-safra-2025-26/site_previsao_de_safra-por-produto-fev-2026.xlsx
uf,MA,2024/25,2025/26,2257.6,2352.5,4.2,3894.578,3742.104,-3.9,8792.4,8803.3,0.1,Conab,Estimativa em fevereiro/2026,https://www.gov.br/conab/pt-br/atuacao/informacoes-agropecuarias/safras/safra-de-graos/boletim-da-safra-de-graos/5o-levantamento-safra-2025-26/site_previsao_de_safra-por-produto-fev-2026.xlsx
uf,PI,2024/25,2025/26,1942.6,1940.5,-0.1,3221.456,3314.713,2.9,6258,6432.2,2.8,Conab,Estimativa em fevereiro/2026,https://www.gov.br/conab/pt-br/atuacao/informacoes-agropecuarias/safras/safra-de-graos/boletim-da-safra-de-graos/5o-levantamento-safra-2025-26/site_previsao_de_safra-por-produto-fev-2026.xlsx
uf,CE,2024/25,2025/26,938.7,935.5,-0.3,379.376,619.797,63.4,356.12,579.82,62.8,Conab,Estimativa em fevereiro/2026,https://www.gov.br/conab/pt-br/atuacao/informacoes-agropecuarias/safras/safra-de-graos/boletim-da-safra-de-graos/5o-levantamento-safra-2025-26/site_previsao_de_safra-por-produto-fev-2026.xlsx
uf,RN,2024/25,2025/26,112.6,107,-5,273.535,391.589,43.2,30.8,41.9,36,Conab,Estimativa em fevereiro/2026,https://www.gov.br/conab/pt-br/atuacao/informacoes-agropecuarias/safras/safra-de-graos/boletim-da-safra-de-graos/5o-levantamento-safra-2025-26/site_previsao_de_safra-por-produto-fev-2026.xlsx
uf,PB,2024/25,2025/26,224.2,226.1,0.8,388.046,530.739,36.8,87,120,37.9,Conab,Estimativa em fevereiro/2026,https://www.gov.br/conab/pt-br/atuacao/informacoes-agropecuarias/safras/safra-de-graos/boletim-da-safra-de-graos/5o-levantamento-safra-2025-26/site_previsao_de_safra-por-produto-fev-2026.xlsx
uf,PE,2024/25,2025/26,370.7,368.5,-0.6,947.127,930.258,-1.8,351.1,342.8,-2.4,Conab,Estimativa em fevereiro/2026,https://www.gov.br/conab/pt-br/atuacao/informacoes-agropecuarias/safras/safra-de-graos/boletim-da-safra-de-graos/5o-levantamento-safra-2025-26/site_previsao_de_safra-por-produto-fev-2026.xlsx
uf,AL,2024/25,2025/26,59.3,59.9,1,3578.415,2666.11,-25.5,212.2,159.7,-24.7,Conab,Estimativa em fevereiro/2026,https://www.gov.br/conab/pt-br/atuacao/informacoes-agropecuarias/safras/safra-de-graos/boletim-da-safra-de-graos/5o-levantamento-safra-2025-26/site_previsao_de_safra-por-produto-fev-2026.xlsx
uf,SE,2024/25,2025/26,194.7,194.5,-0.1,6738.059,5966.581,-11.4,1311.9,1160.5,-11.5,Conab,Estimativa em fevereiro/2026,https://www.gov.br/conab/pt-br/atuacao/informacoes-agropecuarias/safras/safra-de-graos/boletim-da-safra-de-graos/5o-levantamento-safra-2025-26/site_previsao_de_safra-por-produto-fev-2026.xlsx
uf,BA,2024/25,2025/26,3941.2,4110.9,4.3,3555.262,3505.194,-1.4,14012,14409.5,2.8,Conab,Estimativa em fevereiro/2026,https://www.gov.br/conab/pt-br/atuacao/informacoes-agropecuarias/safras/safra-de-graos/boletim-da-safra-de-graos/5o-levantamento-safra-2025-26/site_previsao_de_safra-por-produto-fev-2026.xlsx
regiao,CENTRO-OESTE,2024/25,2025/26,36724.5,37583.8,2.3,4881.992,4658.065,-4.6,179288.7,175067.8,-2.4,Conab,Estimativa em fevereiro/2026,https://www.gov.br/conab/pt-br/atuacao/informacoes-agropecuarias/safras/safra-de-graos/boletim-da-safra-de-graos/5o-levantamento-safra-2025-26/site_previsao_de_safra-por-produto-fev-2026.xlsx
uf,MT,2024/25,2025/26,22300.1,22748.3,2,5040.143,4795.466,-4.9,112395.7,109088.7,-2.9,Conab,Estimativa em fevereiro/2026,https://www.gov.br/conab/pt-br/atuacao/informacoes-agropecuarias/safras/safra-de-graos/boletim-da-safra-de-graos/5o-levantamento-safra-2025-26/site_previsao_de_safra-por-produto-fev-2026.xlsx
uf,MS,2024/25,2025/26,6645,6845.4,3,4303.446,4263.286,-0.9,28596.4,29183.9,2.1,Conab,Estimativa em fevereiro/2026,https://www.gov.br/conab/pt-br/atuacao/informacoes-agropecuarias/safras/safra-de-graos/boletim-da-safra-de-graos/5o-levantamento-safra-2025-26/site_previsao_de_safra-por-produto-fev-2026.xlsx
uf,GO,2024/25,2025/26,7593,7803.1,2.8,4920.993,4598.57,-6.6,37365.1,35883.1,-4,Conab,Estimativa em fevereiro/2026,https://www.gov.br/conab/pt-br/atuacao/informacoes-agropecuarias/safras/safra-de-graos/boletim-da-safra-de-graos/5o-levantamento-safra-2025-26/site_previsao_de_safra-por-produto-fev-2026.xlsx
uf,DF,2024/25,2025/26,186.4,187,0.3,4997.318,4877.54,-2.4,931.5,912.1,-2.1,Conab,Estimativa em fevereiro/2026,https://www.gov.br/conab/pt-br/atuacao/informacoes-agropecuarias/safras/safra-de-graos/boletim-da-safra-de-graos/5o-levantamento-safra-2025-26/site_previsao_de_safra-por-produto-fev-2026.xlsx
regiao,SUDESTE,2024/25,2025/26,6994,7172,2.5,4311.31,4282.669,-0.7,30153.3,30715.3,1.9,Conab,Estimativa em fevereiro/2026,https://www.gov.br/conab/pt-br/atuacao/informacoes-agropecuarias/safras/safra-de-graos/boletim-da-safra-de-graos/5o-levantamento-safra-2025-26/site_previsao_de_safra-por-produto-fev-2026.xlsx
uf,MG,2024/25,2025/26,4298,4398.5,2.3,4283.062,4280.255,-0.1,18408.6,18826.7,2.3,Conab,Estimativa em fevereiro/2026,https://www.gov.br/conab/pt-br/atuacao/informacoes-agropecuarias/safras/safra-de-graos/boletim-da-safra-de-graos/5o-levantamento-safra-2025-26/site_previsao_de_safra-por-produto-fev-2026.xlsx
uf,ES,2024/25,2025/26,25.2,25.6,1.6,2829.365,2660.156,-6,71.3,68.1,-4.5,Conab,Estimativa em fevereiro/2026,https://www.gov.br/conab/pt-br/atuacao/informacoes-agropecuarias/safras/safra-de-graos/boletim-da-safra-de-graos/5o-levantamento-safra-2025-26/site_previsao_de_safra-por-produto-fev-2026.xlsx
uf,RJ,2024/25,2025/26,2.8,2.6,-7.1,3285.714,3423.077,4.2,9.2,8.9,-3.3,Conab,Estimativa em fevereiro/2026,https://www.gov.br/conab/pt-br/atuacao/informacoes-agropecuarias/safras/safra-de-graos/boletim-da-safra-de-graos/5o-levantamento-safra-2025-26/site_previsao_de_safra-por-produto-fev-2026.xlsx
uf,SP,2024/25,2025/26,2668,2745.3,2.9,4371.889,4302.481,-1.6,11664.2,11811.6,1.3,Conab,Estimativa em fevereiro/2026,https://www.gov.br/conab/pt-br/atuacao/informacoes-agropecuarias/safras/safra-de-graos/boletim-da-safra-de-graos/5o-levantamento-safra-2025-26/site_previsao_de_safra-por-produto-fev-2026.xlsx
regiao,SUL,2024/25,2025/26,22016.3,21833.3,-0.8,4030.7,4198.197,4.2,88741.1,91660.5,3.3,Conab,Estimativa em fevereiro/2026,https://www.gov.br/conab/pt-br/atuacao/informacoes-agropecuarias/safras/safra-de-graos/boletim-da-safra-de-graos/5o-levantamento-safra-2025-26/site_previsao_de_safra-por-produto-fev-2026.xlsx
uf,PR,2024/25,2025/26,9954.9,10052.9,1,4491.286,4456.963,-0.8,44710.3,44805.4,0.2,Conab,Estimativa em fevereiro/2026,https://www.gov.br/conab/pt-br/atuacao/informacoes-agropecuarias/safras/safra-de-graos/boletim-da-safra-de-graos/5o-levantamento-safra-2025-26/site_previsao_de_safra-por-produto-fev-2026.xlsx
uf,SC,2024/25,2025/26,1429,1444.4,1.1,5690.203,5494.531,-3.4,8131.3,7936.3,-2.4,Conab,Estimativa em fevereiro/2026,https://www.gov.br/conab/pt-br/atuacao/informacoes-agropecuarias/safras/safra-de-graos/boletim-da-safra-de-graos/5o-levantamento-safra-2025-26/site_previsao_de_safra-por-produto-fev-2026.xlsx
uf,RS,2024/25,2025/26,10632.4,10336,-2.8,3376.425,3765.364,11.5,35899.5,38918.8,8.4,Conab,Estimativa em fevereiro/2026,https://www.gov.br/conab/pt-br/atuacao/informacoes-agropecuarias/safras/safra-de-graos/boletim-da-safra-de-graos/5o-levantamento-safra-2025-26/site_previsao_de_safra-por-produto-fev-2026.xlsx
agregado_regional,NORTE/NORDESTE,2024/25,2025/26,16000,16668.8,4.2,3379.739,3355.51,-0.7,54075.82,55932.32,3.4,Conab,Estimativa em fevereiro/2026,https://www.gov.br/conab/pt-br/atuacao/informacoes-agropecuarias/safras/safra-de-graos/boletim-da-safra-de-graos/5o-levantamento-safra-2025-26/site_previsao_de_safra-por-produto-fev-2026.xlsx
agregado_regional,CENTRO-SUL,2024/25,2025/26,65734.8,66589.1,1.3,4536.153,4466.851,-1.5,298183.1,297443.6,-0.2,Conab,Estimativa em fevereiro/2026,https://www.gov.br/conab/pt-br/atuacao/informacoes-agropecuarias/safras/safra-de-graos/boletim-da-safra-de-graos/5o-levantamento-safra-2025-26/site_previsao_de_safra-por-produto-fev-2026.xlsx
total_brasil,BRASIL,2024/25,2025/26,81734.8,83257.9,1.9,4309.779,4244.353,-1.5,352258.92,353375.92,0.3,Conab,Estimativa em fevereiro/2026,https://www.gov.br/conab/pt-br/atuacao/informacoes-agropecuarias/safras/safra-de-graos/boletim-da-safra-de-graos/5o-levantamento-safra-2025-26/site_previsao_de_safra-por-produto-fev-2026.xlsx
