tipo_linha,produto,periodo_anterior,periodo_atual,area_anterior_mil_ha,area_atual_mil_ha,area_variacao_pct,produtividade_anterior_kg_ha,produtividade_atual_kg_ha,produtividade_variacao_pct,producao_anterior_mil_t,producao_atual_mil_t,producao_variacao_pct,fonte,referencia,source_url
produto,ALGODÃO - CAROÇO (1),2024/25,2025/26,2085.6,2018.1,-3.2,2772.6614827387803,2673.0141672860614,-3.6,5782.799999999999,5394.4,-6.7,Conab,Estimativa em fevereiro/2026,https://www.gov.br/conab/pt-br/atuacao/informacoes-agropecuarias/safras/safra-de-graos/boletim-da-safra-de-graos/5o-levantamento-safra-2025-26/site_previsao_de_safra-por-produto-fev-2026.xlsx
produto,ALGODÃO - PLUMA,2024/25,2025/26,2085.6,2018.1,-3.2,1954.4456806674339,1884.4851637679003,-3.6,4076.1,3803.0,-6.7,Conab,Estimativa em fevereiro/2026,https://www.gov.br/conab/pt-br/atuacao/informacoes-agropecuarias/safras/safra-de-graos/boletim-da-safra-de-graos/5o-levantamento-safra-2025-26/site_previsao_de_safra-por-produto-fev-2026.xlsx
produto,AMENDOIM TOTAL,2024/25,2025/26,280.40000000000003,281.3,0.3,4135.947218259628,4278.256309989335,3.4,1159.6999999999998,1203.3,3.8,Conab,Estimativa em fevereiro/2026,https://www.gov.br/conab/pt-br/atuacao/informacoes-agropecuarias/safras/safra-de-graos/boletim-da-safra-de-graos/5o-levantamento-safra-2025-26/site_previsao_de_safra-por-produto-fev-2026.xlsx
produto,Amendoim 1ª Safra,2024/25,2025/26,273.1,274.0,0.3,4202.068473086781,4347.806569343065,3.5,1147.6,1191.3,3.8,Conab,Estimativa em fevereiro/2026,https://www.gov.br/conab/pt-br/atuacao/informacoes-agropecuarias/safras/safra-de-graos/boletim-da-safra-de-graos/5o-levantamento-safra-2025-26/site_previsao_de_safra-por-produto-fev-2026.xlsx
produto,Amendoim 2ª Safra,2024/25,2025/26,7.3,7.3,0.0,1662.2876712328766,1667.7397260273974,0.3,12.100000000000001,12.0,-0.8,Conab,Estimativa em fevereiro/2026,https://www.gov.br/conab/pt-br/atuacao/informacoes-agropecuarias/safras/safra-de-graos/boletim-da-safra-de-graos/5o-levantamento-safra-2025-26/site_previsao_de_safra-por-produto-fev-2026.xlsx
produto,ARROZ,2024/25,2025/26,1763.8999999999999,1559.9,-11.6,7232.554226430069,6996.99743573306,-3.3,12757.7,10914.599999999999,-14.4,Conab,Estimativa em fevereiro/2026,https://www.gov.br/conab/pt-br/atuacao/informacoes-agropecuarias/safras/safra-de-graos/boletim-da-safra-de-graos/5o-levantamento-safra-2025-26/site_previsao_de_safra-por-produto-fev-2026.xlsx
produto,Arroz sequeiro,2024/25,2025/26,394.6,296.0,-25.0,2934.65433350228,2766.475,-5.7,1158.2,818.8,-29.3,Conab,Estimativa em fevereiro/2026,https://www.gov.br/conab/pt-br/atuacao/informacoes-agropecuarias/safras/safra-de-graos/boletim-da-safra-de-graos/5o-levantamento-safra-2025-26/site_previsao_de_safra-por-produto-fev-2026.xlsx
produto,Arroz irrigado,2024/25,2025/26,1369.3000000000002,1263.9,-7.7,8471.10771927262,7987.767782261255,-5.7,11599.500000000002,10095.8,-13.0,Conab,Estimativa em fevereiro/2026,https://www.gov.br/conab/pt-br/atuacao/informacoes-agropecuarias/safras/safra-de-graos/boletim-da-safra-de-graos/5o-levantamento-safra-2025-26/site_previsao_de_safra-por-produto-fev-2026.xlsx
produto,FEIJÃO TOTAL,2024/25,2025/26,2693.0,2600.6,-3.4,1136.2538804307464,1140.5752211028225,0.4,3059.9,2966.1,-3.1,Conab,Estimativa em fevereiro/2026,https://www.gov.br/conab/pt-br/atuacao/informacoes-agropecuarias/safras/safra-de-graos/boletim-da-safra-de-graos/5o-levantamento-safra-2025-26/site_previsao_de_safra-por-produto-fev-2026.xlsx
produto,FEIJÃO 1ª SAFRA,2024/25,2025/26,908.5,804.7,-11.4,1169.591084204733,1202.040785385858,2.8,1062.7,967.2,-9.0,Conab,Estimativa em fevereiro/2026,https://www.gov.br/conab/pt-br/atuacao/informacoes-agropecuarias/safras/safra-de-graos/boletim-da-safra-de-graos/5o-levantamento-safra-2025-26/site_previsao_de_safra-por-produto-fev-2026.xlsx
produto,Cores,2024/25,2025/26,347.3,331.90000000000003,-4.4,1706.774258566081,1801.684603796324,5.6,592.8000000000001,598.1,0.9,Conab,Estimativa em fevereiro/2026,https://www.gov.br/conab/pt-br/atuacao/informacoes-agropecuarias/safras/safra-de-graos/boletim-da-safra-de-graos/5o-levantamento-safra-2025-26/site_previsao_de_safra-por-produto-fev-2026.xlsx
produto,Preto,2024/25,2025/26,169.0,117.29999999999998,-30.6,1953.2763313609469,1701.1415174765561,-12.9,330.2,199.5,-39.6,Conab,Estimativa em fevereiro/2026,https://www.gov.br/conab/pt-br/atuacao/informacoes-agropecuarias/safras/safra-de-graos/boletim-da-safra-de-graos/5o-levantamento-safra-2025-26/site_previsao_de_safra-por-produto-fev-2026.xlsx
produto,Caupi,2024/25,2025/26,392.20000000000005,355.5,-9.4,356.2139214686384,477.52236286919833,34.1,139.7,169.7,21.5,Conab,Estimativa em fevereiro/2026,https://www.gov.br/conab/pt-br/atuacao/informacoes-agropecuarias/safras/safra-de-graos/boletim-da-safra-de-graos/5o-levantamento-safra-2025-26/site_previsao_de_safra-por-produto-fev-2026.xlsx
produto,FEIJÃO 2ª SAFRA,2024/25,2025/26,1400.1000000000001,1369.0,-2.2,952.5808156560246,946.8739956172388,-0.6,1333.6000000000001,1296.3999999999999,-2.8,Conab,Estimativa em fevereiro/2026,https://www.gov.br/conab/pt-br/atuacao/informacoes-agropecuarias/safras/safra-de-graos/boletim-da-safra-de-graos/5o-levantamento-safra-2025-26/site_previsao_de_safra-por-produto-fev-2026.xlsx
produto,Cores,2024/25,2025/26,294.6,298.59999999999997,1.4,1499.1992532247114,1501.4835900870733,0.2,441.6,448.2,1.5,Conab,Estimativa em fevereiro/2026,https://www.gov.br/conab/pt-br/atuacao/informacoes-agropecuarias/safras/safra-de-graos/boletim-da-safra-de-graos/5o-levantamento-safra-2025-26/site_previsao_de_safra-por-produto-fev-2026.xlsx
produto,Preto,2024/25,2025/26,286.6,253.9,-11.4,1616.1039776692253,1654.1476959432848,2.4,463.2,420.1,-9.3,Conab,Estimativa em fevereiro/2026,https://www.gov.br/conab/pt-br/atuacao/informacoes-agropecuarias/safras/safra-de-graos/boletim-da-safra-de-graos/5o-levantamento-safra-2025-26/site_previsao_de_safra-por-produto-fev-2026.xlsx
produto,Caupi,2024/25,2025/26,818.9000000000001,816.5,-0.3,523.7133960190499,524.1143906919779,0.1,428.9,428.0,-0.2,Conab,Estimativa em fevereiro/2026,https://www.gov.br/conab/pt-br/atuacao/informacoes-agropecuarias/safras/safra-de-graos/boletim-da-safra-de-graos/5o-levantamento-safra-2025-26/site_previsao_de_safra-por-produto-fev-2026.xlsx
produto,FEIJÃO 3ª SAFRA,2024/25,2025/26,384.4,426.9,11.1,1726.4562955254944,1645.8824080580932,-4.7,663.7,702.6,5.9,Conab,Estimativa em fevereiro/2026,https://www.gov.br/conab/pt-br/atuacao/informacoes-agropecuarias/safras/safra-de-graos/boletim-da-safra-de-graos/5o-levantamento-safra-2025-26/site_previsao_de_safra-por-produto-fev-2026.xlsx
produto,Cores,2024/25,2025/26,326.5,361.0,10.6,1881.1016845329248,1801.9163434903048,-4.2,614.2,650.5999999999999,5.9,Conab,Estimativa em fevereiro/2026,https://www.gov.br/conab/pt-br/atuacao/informacoes-agropecuarias/safras/safra-de-graos/boletim-da-safra-de-graos/5o-levantamento-safra-2025-26/site_previsao_de_safra-por-produto-fev-2026.xlsx
produto,Preto,2024/25,2025/26,14.1,14.1,0.0,1268.1134751773052,1145.4326241134752,-9.7,17.900000000000002,16.2,-9.5,Conab,Estimativa em fevereiro/2026,https://www.gov.br/conab/pt-br/atuacao/informacoes-agropecuarias/safras/safra-de-graos/boletim-da-safra-de-graos/5o-levantamento-safra-2025-26/site_previsao_de_safra-por-produto-fev-2026.xlsx
produto,Caupi,2024/25,2025/26,43.8,51.8,18.3,721.2260273972603,694.6872586872588,-3.7,31.599999999999998,36.0,13.9,Conab,Estimativa em fevereiro/2026,https://www.gov.br/conab/pt-br/atuacao/informacoes-agropecuarias/safras/safra-de-graos/boletim-da-safra-de-graos/5o-levantamento-safra-2025-26/site_previsao_de_safra-por-produto-fev-2026.xlsx
produto,GERGELIM,2024/25,2025/26,608.0,608.0,0.0,656.7940789473683,656.7940789473683,0.0,399.4,399.4,0.0,Conab,Estimativa em fevereiro/2026,https://www.gov.br/conab/pt-br/atuacao/informacoes-agropecuarias/safras/safra-de-graos/boletim-da-safra-de-graos/5o-levantamento-safra-2025-26/site_previsao_de_safra-por-produto-fev-2026.xlsx
produto,GIRASSOL,2024/25,2025/26,61.900000000000006,63.800000000000004,3.1,1622.1825525040385,1606.7570532915358,-1.0,100.4,102.5,2.1,Conab,Estimativa em fevereiro/2026,https://www.gov.br/conab/pt-br/atuacao/informacoes-agropecuarias/safras/safra-de-graos/boletim-da-safra-de-graos/5o-levantamento-safra-2025-26/site_previsao_de_safra-por-produto-fev-2026.xlsx
produto,MAMONA,2024/25,2025/26,69.6,76.1,9.3,1437.1724137931035,1935.672798948752,34.7,100.02,147.32000000000002,47.3,Conab,Estimativa em fevereiro/2026,https://www.gov.br/conab/pt-br/atuacao/informacoes-agropecuarias/safras/safra-de-graos/boletim-da-safra-de-graos/5o-levantamento-safra-2025-26/site_previsao_de_safra-por-produto-fev-2026.xlsx
produto,MILHO TOTAL,2024/25,2025/26,21838.0,22525.6,3.1,6463.851909515524,6146.257586923323,-4.9,141157.6,138448.2,-1.9,Conab,Estimativa em fevereiro/2026,https://www.gov.br/conab/pt-br/atuacao/informacoes-agropecuarias/safras/safra-de-graos/boletim-da-safra-de-graos/5o-levantamento-safra-2025-26/site_previsao_de_safra-por-produto-fev-2026.xlsx
produto,Milho 1ª Safra,2024/25,2025/26,3772.6000000000004,4043.7000000000003,7.2,6609.654959444413,6602.901352721517,-0.1,24935.8,26700.300000000003,7.1,Conab,Estimativa em fevereiro/2026,https://www.gov.br/conab/pt-br/atuacao/informacoes-agropecuarias/safras/safra-de-graos/boletim-da-safra-de-graos/5o-levantamento-safra-2025-26/site_previsao_de_safra-por-produto-fev-2026.xlsx
produto,Milho 2ª Safra,2024/25,2025/26,17430.3,17894.100000000002,2.7,6496.067090067297,6106.075102966898,-6.0,113228.4,109262.7,-3.5,Conab,Estimativa em fevereiro/2026,https://www.gov.br/conab/pt-br/atuacao/informacoes-agropecuarias/safras/safra-de-graos/boletim-da-safra-de-graos/5o-levantamento-safra-2025-26/site_previsao_de_safra-por-produto-fev-2026.xlsx
produto,Milho 3ª Safra,2024/25,2025/26,635.1,587.8,-7.4,4713.612816879231,4228.086423953727,-10.3,2993.6,2485.3,-17.0,Conab,Estimativa em fevereiro/2026,https://www.gov.br/conab/pt-br/atuacao/informacoes-agropecuarias/safras/safra-de-graos/boletim-da-safra-de-graos/5o-levantamento-safra-2025-26/site_previsao_de_safra-por-produto-fev-2026.xlsx
produto,SOJA,2024/25,2025/26,47346.1,48434.4,2.3,3621.8458880456883,3674.764064383992,1.5,171480.5,177985.0,3.8,Conab,Estimativa em fevereiro/2026,https://www.gov.br/conab/pt-br/atuacao/informacoes-agropecuarias/safras/safra-de-graos/boletim-da-safra-de-graos/5o-levantamento-safra-2025-26/site_previsao_de_safra-por-produto-fev-2026.xlsx
produto,SORGO,2024/25,2025/26,1632.0,1823.7,11.7,3739.1359068627457,3670.8337994187636,-1.8,6102.200000000001,6694.5,9.7,Conab,Estimativa em fevereiro/2026,https://www.gov.br/conab/pt-br/atuacao/informacoes-agropecuarias/safras/safra-de-graos/boletim-da-safra-de-graos/5o-levantamento-safra-2025-26/site_previsao_de_safra-por-produto-fev-2026.xlsx
agregado_produto,SUBTOTAL,2024/25,2025/26,78378.5,79991.5,2.1,4365.0,4304.0,-1.4,342100.22000000003,344255.32,0.6,Conab,Estimativa em fevereiro/2026,https://www.gov.br/conab/pt-br/atuacao/informacoes-agropecuarias/safras/safra-de-graos/boletim-da-safra-de-graos/5o-levantamento-safra-2025-26/site_previsao_de_safra-por-produto-fev-2026.xlsx
produto,AVEIA,2024/25,2025/26,545.8,509.0,-6.7,2368.0,2253.0,-4.9,1292.3000000000002,1146.7,-11.3,Conab,Estimativa em fevereiro/2026,https://www.gov.br/conab/pt-br/atuacao/informacoes-agropecuarias/safras/safra-de-graos/boletim-da-safra-de-graos/5o-levantamento-safra-2025-26/site_previsao_de_safra-por-produto-fev-2026.xlsx
produto,CANOLA,2024/25,2025/26,211.9,275.7,30.1,1627.0,1620.0,-0.4,344.8,446.5,29.5,Conab,Estimativa em fevereiro/2026,https://www.gov.br/conab/pt-br/atuacao/informacoes-agropecuarias/safras/safra-de-graos/boletim-da-safra-de-graos/5o-levantamento-safra-2025-26/site_previsao_de_safra-por-produto-fev-2026.xlsx
produto,CENTEIO,2024/25,2025/26,2.1,2.1,0.0,2381.0,2238.0,-6.0,5.0,4.7,-6.0,Conab,Estimativa em fevereiro/2026,https://www.gov.br/conab/pt-br/atuacao/informacoes-agropecuarias/safras/safra-de-graos/boletim-da-safra-de-graos/5o-levantamento-safra-2025-26/site_previsao_de_safra-por-produto-fev-2026.xlsx
produto,CEVADA,2024/25,2025/26,139.2,149.9,7.7,4358.0,3898.0,-10.6,606.6,584.3000000000001,-3.7,Conab,Estimativa em fevereiro/2026,https://www.gov.br/conab/pt-br/atuacao/informacoes-agropecuarias/safras/safra-de-graos/boletim-da-safra-de-graos/5o-levantamento-safra-2025-26/site_previsao_de_safra-por-produto-fev-2026.xlsx
produto,TRIGO,2024/25,2025/26,2445.9,2318.3,-5.2,3219.0,2978.0,-7.5,7873.4,6904.799999999999,-12.3,Conab,Estimativa em fevereiro/2026,https://www.gov.br/conab/pt-br/atuacao/informacoes-agropecuarias/safras/safra-de-graos/boletim-da-safra-de-graos/5o-levantamento-safra-2025-26/site_previsao_de_safra-por-produto-fev-2026.xlsx
produto,TRITICALE,2024/25,2025/26,11.4,11.4,0.0,3211.0,2947.0,-8.2,36.6,33.6,-8.2,Conab,Estimativa em fevereiro/2026,https://www.gov.br/conab/pt-br/atuacao/informacoes-agropecuarias/safras/safra-de-graos/boletim-da-safra-de-graos/5o-levantamento-safra-2025-26/site_previsao_de_safra-por-produto-fev-2026.xlsx
agregado_produto,SUBTOTAL,2024/25,2025/26,3356.3,3266.4,-2.7,3027.0,2792.0,-7.8,10158.7,9120.6,-10.2,Conab,Estimativa em fevereiro/2026,https://www.gov.br/conab/pt-br/atuacao/informacoes-agropecuarias/safras/safra-de-graos/boletim-da-safra-de-graos/5o-levantamento-safra-2025-26/site_previsao_de_safra-por-produto-fev-2026.xlsx
agregado_produto,BRASIL (2),2024/25,2025/26,81734.8,83257.9,1.9,4310.0,4244.0,-1.5,352258.92000000004,353375.92,0.3,Conab,Estimativa em fevereiro/2026,https://www.gov.br/conab/pt-br/atuacao/informacoes-agropecuarias/safras/safra-de-graos/boletim-da-safra-de-graos/5o-levantamento-safra-2025-26/site_previsao_de_safra-por-produto-fev-2026.xlsx
